2025-12-21 12:55:46 - database - ERROR - Failed to connect to MongoDB: localhost:27017: [WinError 10061] No connection could be made because the target machine actively refused it (configured timeouts: socketTimeoutMS: 20000.0ms, connectTimeoutMS: 20000.0ms), Timeout: 30s, Topology Description: <TopologyDescription id: 69479d570a68f5472bae4150, topology_type: Unknown, servers: [<ServerDescription ('localhost', 27017) server_type: Unknown, rtt: None, error=AutoReconnect('localhost:27017: [WinError 10061] No connection could be made because the target machine actively refused it (configured timeouts: socketTimeoutMS: 20000.0ms, connectTimeoutMS: 20000.0ms)')>]>
2025-12-21 12:55:46 - __main__ - ERROR - Fatal error: localhost:27017: [WinError 10061] No connection could be made because the target machine actively refused it (configured timeouts: socketTimeoutMS: 20000.0ms, connectTimeoutMS: 20000.0ms), Timeout: 30s, Topology Description: <TopologyDescription id: 69479d570a68f5472bae4150, topology_type: Unknown, servers: [<ServerDescription ('localhost', 27017) server_type: Unknown, rtt: None, error=AutoReconnect('localhost:27017: [WinError 10061] No connection could be made because the target machine actively refused it (configured timeouts: socketTimeoutMS: 20000.0ms, connectTimeoutMS: 20000.0ms)')>]>
2025-12-21 12:57:53 - database - INFO - MongoDB connection established successfully
2025-12-21 12:57:53 - forecast_engine - INFO - Starting forecast pipeline for organisation 6922ae4a3dae846e73b5a839
2025-12-21 12:57:53 - forecast_engine - INFO - Step 1: Extracting historical data from MongoDB...
2025-12-21 12:57:53 - database - INFO - Fetching blood issue data for organisation 6922ae4a3dae846e73b5a839 from 2025-12-20 07:12:53.046592 to 2025-12-21 07:12:53.046592
2025-12-21 12:57:53 - database - WARNING - No blood issue data found for organisation 6922ae4a3dae846e73b5a839
2025-12-21 12:57:53 - forecast_engine - ERROR - No data found for organisation 6922ae4a3dae846e73b5a839
2025-12-21 12:57:53 - database - INFO - MongoDB connection closed
2025-12-21 12:59:32 - database - INFO - MongoDB connection established successfully
2025-12-21 12:59:32 - forecast_engine - INFO - Starting forecast pipeline for organisation 6922ae4a3dae846e73b5a839
2025-12-21 12:59:32 - forecast_engine - INFO - Step 1: Extracting historical data from MongoDB...
2025-12-21 12:59:32 - database - INFO - Fetching blood issue data for organisation 6922ae4a3dae846e73b5a839 from 2025-12-21 05:14:32.338972 to 2025-12-21 07:14:32.338972
2025-12-21 12:59:32 - database - WARNING - No blood issue data found for organisation 6922ae4a3dae846e73b5a839
2025-12-21 12:59:32 - forecast_engine - ERROR - No data found for organisation 6922ae4a3dae846e73b5a839
2025-12-21 12:59:32 - database - INFO - MongoDB connection closed
2025-12-21 13:01:13 - database - INFO - MongoDB connection established successfully
2025-12-21 13:01:13 - forecast_engine - INFO - Starting forecast pipeline for organisation 6922ae4a3dae846e73b5a839
2025-12-21 13:01:13 - forecast_engine - INFO - Step 1: Extracting historical data from MongoDB...
2025-12-21 13:01:13 - database - INFO - Fetching blood issue data for organisation 6922ae4a3dae846e73b5a839 from 2025-12-21 05:16:13.199108 to 2025-12-21 07:16:13.199108
2025-12-21 13:01:13 - database - WARNING - No blood issue data found for organisation 6922ae4a3dae846e73b5a839
2025-12-21 13:01:13 - forecast_engine - ERROR - No data found for organisation 6922ae4a3dae846e73b5a839
2025-12-21 13:01:13 - database - INFO - MongoDB connection closed
2025-12-21 13:05:52 - database - INFO - MongoDB connection established successfully
2025-12-21 13:05:52 - forecast_engine - INFO - Starting forecast pipeline for organisation 6922ae4a3dae846e73b5a839
2025-12-21 13:05:52 - forecast_engine - INFO - Step 1: Extracting historical data from MongoDB...
2025-12-21 13:05:52 - database - INFO - Fetching blood issue data for organisation 6922ae4a3dae846e73b5a839 from 2025-12-20 07:20:52.806646 to 2025-12-21 07:20:52.806646
2025-12-21 13:05:52 - database - WARNING - No blood issue data found for organisation 6922ae4a3dae846e73b5a839
2025-12-21 13:05:52 - forecast_engine - ERROR - No data found for organisation 6922ae4a3dae846e73b5a839
2025-12-21 13:05:52 - database - INFO - MongoDB connection closed
2025-12-21 13:08:04 - database - INFO - MongoDB connection established successfully
2025-12-21 13:08:04 - forecast_engine - INFO - Starting forecast pipeline for organisation 6922ae4a3dae846e73b5a839
2025-12-21 13:08:04 - forecast_engine - INFO - Step 1: Extracting historical data from MongoDB...
2025-12-21 13:08:04 - database - INFO - Fetching blood issue data for organisation 6922ae4a3dae846e73b5a839 from 2025-06-24 07:23:04.357653 to 2025-12-21 07:23:04.357653
2025-12-21 13:08:04 - database - WARNING - No blood issue data found for organisation 6922ae4a3dae846e73b5a839
2025-12-21 13:08:04 - forecast_engine - ERROR - No data found for organisation 6922ae4a3dae846e73b5a839
2025-12-21 13:08:04 - database - INFO - MongoDB connection closed
2025-12-21 13:10:26 - database - INFO - MongoDB connection established successfully
2025-12-21 13:10:26 - forecast_engine - INFO - Starting forecast pipeline for organisation 6922ae4a3dae846e73b5a839
2025-12-21 13:10:26 - forecast_engine - INFO - Step 1: Extracting historical data from MongoDB...
2025-12-21 13:10:26 - database - INFO - Fetching blood issue data for organisation 6922ae4a3dae846e73b5a839 from 2025-06-24 07:25:26.899539 to 2025-12-21 07:25:26.899539
2025-12-21 13:10:26 - database - WARNING - No blood issue data found for organisation 6922ae4a3dae846e73b5a839
2025-12-21 13:10:26 - forecast_engine - ERROR - No data found for organisation 6922ae4a3dae846e73b5a839
2025-12-21 13:10:27 - database - INFO - MongoDB connection closed
2025-12-21 13:11:51 - database - INFO - MongoDB connection established successfully
2025-12-21 13:11:51 - forecast_engine - INFO - Starting forecast pipeline for organisation 6922ae4a3dae846e73b5a839
2025-12-21 13:11:51 - forecast_engine - INFO - Step 1: Extracting historical data from MongoDB...
2025-12-21 13:11:51 - database - INFO - Fetching blood issue data for organisation 6922ae4a3dae846e73b5a839 from 2025-06-24 07:26:51.866112 to 2025-12-21 07:26:51.866112
2025-12-21 13:11:52 - database - INFO - Successfully fetched 335 records for organisation 6922ae4a3dae846e73b5a839
2025-12-21 13:11:52 - forecast_engine - INFO - Extracted 335 records from 2025-06-26 00:00:00 to 2025-12-21 00:00:00
2025-12-21 13:11:52 - forecast_engine - INFO - Step 2: Processing data and generating forecasts...
2025-12-21 13:11:52 - forecast_engine - INFO - Processing blood group: A+
2025-12-21 13:11:52 - data_processor - INFO - Prepared time series for A+: 175 data points
2025-12-21 13:11:52 - data_processor - INFO - Data quality metrics: {'total_points': 175, 'non_zero_points': np.int64(42), 'zero_days': np.int64(133), 'mean': np.float64(202.10857142857142), 'std': np.float64(441.1884611585413), 'min': np.float64(0.0), 'max': np.float64(2656.0), 'zero_percentage': np.float64(76.0)}
2025-12-21 13:11:52 - forecaster - INFO - Fitting SARIMA(1, 1, 1)x(1, 1, 1, 7) model...
2025-12-21 13:11:52 - forecaster - INFO - SARIMA model fitted successfully
2025-12-21 13:11:52 - forecaster - INFO - AIC: 2406.12, BIC: 2421.43
2025-12-21 13:11:52 - forecaster - INFO - Generating 7-day forecast...
2025-12-21 13:11:52 - forecaster - INFO - Forecast generated successfully. Mean value: 205.29
2025-12-21 13:11:52 - forecaster - INFO - Model RMSE: 486.4609
2025-12-21 13:11:52 - forecast_engine - INFO - Generated SARIMA forecast for A+
2025-12-21 13:11:52 - forecast_engine - INFO - Processing blood group: A-
2025-12-21 13:11:52 - data_processor - INFO - Prepared time series for A-: 177 data points
2025-12-21 13:11:52 - data_processor - INFO - Data quality metrics: {'total_points': 177, 'non_zero_points': np.int64(50), 'zero_days': np.int64(127), 'mean': np.float64(202.02824858757063), 'std': np.float64(364.59922625863095), 'min': np.float64(0.0), 'max': np.float64(1716.0), 'zero_percentage': np.float64(71.75141242937853)}
2025-12-21 13:11:52 - forecaster - INFO - Fitting SARIMA(1, 1, 1)x(1, 1, 1, 7) model...
2025-12-21 13:11:52 - forecaster - INFO - SARIMA model fitted successfully
2025-12-21 13:11:52 - forecaster - INFO - AIC: 2376.47, BIC: 2391.85
2025-12-21 13:11:52 - forecaster - INFO - Generating 7-day forecast...
2025-12-21 13:11:52 - forecaster - INFO - Forecast generated successfully. Mean value: 164.71
2025-12-21 13:11:52 - forecaster - INFO - Model RMSE: 420.2765
2025-12-21 13:11:52 - forecast_engine - INFO - Generated SARIMA forecast for A-
2025-12-21 13:11:52 - forecast_engine - INFO - Processing blood group: B+
2025-12-21 13:11:52 - data_processor - INFO - Prepared time series for B+: 179 data points
2025-12-21 13:11:52 - data_processor - INFO - Data quality metrics: {'total_points': 179, 'non_zero_points': np.int64(51), 'zero_days': np.int64(128), 'mean': np.float64(218.0167597765363), 'std': np.float64(387.57508116203314), 'min': np.float64(0.0), 'max': np.float64(1775.0), 'zero_percentage': np.float64(71.50837988826815)}
2025-12-21 13:11:52 - forecaster - INFO - Fitting SARIMA(1, 1, 1)x(1, 1, 1, 7) model...
2025-12-21 13:11:53 - forecaster - INFO - SARIMA model fitted successfully
2025-12-21 13:11:53 - forecaster - INFO - AIC: 2424.99, BIC: 2440.42
2025-12-21 13:11:53 - forecaster - INFO - Generating 7-day forecast...
2025-12-21 13:11:53 - forecaster - INFO - Forecast generated successfully. Mean value: 246.00
2025-12-21 13:11:53 - forecaster - INFO - Model RMSE: 419.5345
2025-12-21 13:11:53 - forecast_engine - INFO - Generated SARIMA forecast for B+
2025-12-21 13:11:53 - forecast_engine - INFO - Processing blood group: B-
2025-12-21 13:11:53 - data_processor - INFO - Prepared time series for B-: 170 data points
2025-12-21 13:11:53 - data_processor - INFO - Data quality metrics: {'total_points': 170, 'non_zero_points': np.int64(28), 'zero_days': np.int64(142), 'mean': np.float64(121.42941176470588), 'std': np.float64(301.1456787667534), 'min': np.float64(0.0), 'max': np.float64(1649.0), 'zero_percentage': np.float64(83.52941176470588)}
2025-12-21 13:11:53 - forecaster - INFO - Fitting SARIMA(1, 1, 1)x(1, 1, 1, 7) model...
2025-12-21 13:11:53 - forecaster - INFO - SARIMA model fitted successfully
2025-12-21 13:11:53 - forecaster - INFO - AIC: 2217.01, BIC: 2232.17
2025-12-21 13:11:53 - forecaster - INFO - Generating 7-day forecast...
2025-12-21 13:11:53 - forecaster - INFO - Forecast generated successfully. Mean value: 138.00
2025-12-21 13:11:53 - forecaster - INFO - Model RMSE: 334.0590
2025-12-21 13:11:53 - forecast_engine - INFO - Generated SARIMA forecast for B-
2025-12-21 13:11:53 - forecast_engine - INFO - Processing blood group: O+
2025-12-21 13:11:53 - data_processor - INFO - Prepared time series for O+: 164 data points
2025-12-21 13:11:53 - data_processor - INFO - Data quality metrics: {'total_points': 164, 'non_zero_points': np.int64(39), 'zero_days': np.int64(125), 'mean': np.float64(189.07926829268294), 'std': np.float64(384.84865935910994), 'min': np.float64(0.0), 'max': np.float64(1894.0), 'zero_percentage': np.float64(76.21951219512195)}
2025-12-21 13:11:53 - forecaster - INFO - Fitting SARIMA(1, 1, 1)x(1, 1, 1, 7) model...
2025-12-21 13:11:53 - forecaster - INFO - SARIMA model fitted successfully
2025-12-21 13:11:53 - forecaster - INFO - AIC: 2192.12, BIC: 2207.07
2025-12-21 13:11:53 - forecaster - INFO - Generating 7-day forecast...
2025-12-21 13:11:53 - forecaster - INFO - Forecast generated successfully. Mean value: 100.43
2025-12-21 13:11:53 - forecaster - INFO - Model RMSE: 481.8160
2025-12-21 13:11:53 - forecast_engine - INFO - Generated SARIMA forecast for O+
2025-12-21 13:11:53 - forecast_engine - INFO - Processing blood group: O-
2025-12-21 13:11:53 - data_processor - INFO - Prepared time series for O-: 173 data points
2025-12-21 13:11:53 - data_processor - INFO - Data quality metrics: {'total_points': 173, 'non_zero_points': np.int64(43), 'zero_days': np.int64(130), 'mean': np.float64(187.0057803468208), 'std': np.float64(378.4800307642711), 'min': np.float64(0.0), 'max': np.float64(1761.0), 'zero_percentage': np.float64(75.14450867052022)}
2025-12-21 13:11:53 - forecaster - INFO - Fitting SARIMA(1, 1, 1)x(1, 1, 1, 7) model...
2025-12-21 13:11:53 - forecaster - INFO - SARIMA model fitted successfully
2025-12-21 13:11:53 - forecaster - INFO - AIC: 2317.35, BIC: 2332.60
2025-12-21 13:11:53 - forecaster - INFO - Generating 7-day forecast...
2025-12-21 13:11:53 - forecaster - INFO - Forecast generated successfully. Mean value: 120.43
2025-12-21 13:11:53 - forecaster - INFO - Model RMSE: 451.3475
2025-12-21 13:11:53 - forecast_engine - INFO - Generated SARIMA forecast for O-
2025-12-21 13:11:53 - forecast_engine - INFO - Processing blood group: AB+
2025-12-21 13:11:53 - data_processor - INFO - Prepared time series for AB+: 176 data points
2025-12-21 13:11:53 - data_processor - INFO - Data quality metrics: {'total_points': 176, 'non_zero_points': np.int64(42), 'zero_days': np.int64(134), 'mean': np.float64(173.85227272727272), 'std': np.float64(348.28891257600577), 'min': np.float64(0.0), 'max': np.float64(2059.0), 'zero_percentage': np.float64(76.13636363636364)}
2025-12-21 13:11:53 - forecaster - INFO - Fitting SARIMA(1, 1, 1)x(1, 1, 1, 7) model...
2025-12-21 13:11:53 - forecaster - INFO - SARIMA model fitted successfully
2025-12-21 13:11:53 - forecaster - INFO - AIC: 2351.39, BIC: 2366.73
2025-12-21 13:11:53 - forecaster - INFO - Generating 7-day forecast...
2025-12-21 13:11:53 - forecaster - INFO - Forecast generated successfully. Mean value: 142.57
2025-12-21 13:11:53 - forecaster - INFO - Model RMSE: 385.4557
2025-12-21 13:11:53 - forecast_engine - INFO - Generated SARIMA forecast for AB+
2025-12-21 13:11:53 - forecast_engine - INFO - Processing blood group: AB-
2025-12-21 13:11:53 - data_processor - INFO - Prepared time series for AB-: 171 data points
2025-12-21 13:11:53 - data_processor - INFO - Data quality metrics: {'total_points': 171, 'non_zero_points': np.int64(40), 'zero_days': np.int64(131), 'mean': np.float64(168.80701754385964), 'std': np.float64(334.6385814363886), 'min': np.float64(0.0), 'max': np.float64(1564.0), 'zero_percentage': np.float64(76.60818713450293)}
2025-12-21 13:11:53 - forecaster - INFO - Fitting SARIMA(1, 1, 1)x(1, 1, 1, 7) model...
2025-12-21 13:11:54 - forecaster - INFO - SARIMA model fitted successfully
2025-12-21 13:11:54 - forecaster - INFO - AIC: 2258.68, BIC: 2273.87
2025-12-21 13:11:54 - forecaster - INFO - Generating 7-day forecast...
2025-12-21 13:11:54 - forecaster - INFO - Forecast generated successfully. Mean value: 133.29
2025-12-21 13:11:54 - forecaster - INFO - Model RMSE: 385.3548
2025-12-21 13:11:54 - forecast_engine - INFO - Generated SARIMA forecast for AB-
2025-12-21 13:11:54 - forecast_engine - INFO - Forecast pipeline completed. Status: success, Generated 56 forecast records
2025-12-21 13:11:54 - database - INFO - Saved 56 forecast records for organisation 6922ae4a3dae846e73b5a839
2025-12-21 13:11:54 - database - INFO - MongoDB connection closed
2025-12-21 13:12:53 - database - INFO - MongoDB connection established successfully
2025-12-21 13:12:53 - forecast_engine - INFO - Starting forecast pipeline for organisation 6922ae4a3dae846e73b5a839
2025-12-21 13:12:53 - forecast_engine - INFO - Step 1: Extracting historical data from MongoDB...
2025-12-21 13:12:53 - database - INFO - Fetching blood issue data for organisation 6922ae4a3dae846e73b5a839 from 2025-12-21 05:27:53.509133 to 2025-12-21 07:27:53.509133
2025-12-21 13:12:53 - database - INFO - Successfully fetched 2 records for organisation 6922ae4a3dae846e73b5a839
2025-12-21 13:12:53 - forecast_engine - INFO - Extracted 2 records from 2025-12-21 00:00:00 to 2025-12-21 00:00:00
2025-12-21 13:12:53 - forecast_engine - INFO - Step 2: Processing data and generating forecasts...
2025-12-21 13:12:53 - forecast_engine - INFO - Processing blood group: A+
2025-12-21 13:12:53 - data_processor - WARNING - No data found for blood group A+
2025-12-21 13:12:53 - forecast_engine - WARNING - Validation failed for A+: No data available for A+
2025-12-21 13:12:53 - forecast_engine - INFO - Processing blood group: A-
2025-12-21 13:12:53 - data_processor - WARNING - No data found for blood group A-
2025-12-21 13:12:53 - forecast_engine - WARNING - Validation failed for A-: No data available for A-
2025-12-21 13:12:53 - forecast_engine - INFO - Processing blood group: B+
2025-12-21 13:12:53 - data_processor - INFO - Prepared time series for B+: 1 data points
2025-12-21 13:12:53 - data_processor - INFO - Data quality metrics: {'total_points': 1, 'non_zero_points': np.int64(1), 'zero_days': np.int64(0), 'mean': np.float64(709.0), 'std': np.float64(nan), 'min': np.float64(709.0), 'max': np.float64(709.0), 'zero_percentage': np.float64(0.0)}
2025-12-21 13:12:53 - forecaster - INFO - Fitting SARIMA(1, 1, 1)x(1, 1, 1, 7) model...
2025-12-21 13:12:53 - forecaster - INFO - SARIMA model fitted successfully
2025-12-21 13:12:53 - forecaster - INFO - AIC: 10.00, BIC: nan
2025-12-21 13:12:53 - forecaster - INFO - Generating 7-day forecast...
2025-12-21 13:12:53 - forecaster - INFO - Forecast generated successfully. Mean value: 776.57
2025-12-21 13:12:53 - forecaster - INFO - Model RMSE: 709.0000
2025-12-21 13:12:53 - forecast_engine - INFO - Generated SARIMA forecast for B+
2025-12-21 13:12:53 - forecast_engine - INFO - Processing blood group: B-
2025-12-21 13:12:53 - data_processor - WARNING - No data found for blood group B-
2025-12-21 13:12:53 - forecast_engine - WARNING - Validation failed for B-: No data available for B-
2025-12-21 13:12:53 - forecast_engine - INFO - Processing blood group: O+
2025-12-21 13:12:53 - data_processor - WARNING - No data found for blood group O+
2025-12-21 13:12:53 - forecast_engine - WARNING - Validation failed for O+: No data available for O+
2025-12-21 13:12:53 - forecast_engine - INFO - Processing blood group: O-
2025-12-21 13:12:53 - data_processor - INFO - Prepared time series for O-: 1 data points
2025-12-21 13:12:53 - data_processor - INFO - Data quality metrics: {'total_points': 1, 'non_zero_points': np.int64(1), 'zero_days': np.int64(0), 'mean': np.float64(589.0), 'std': np.float64(nan), 'min': np.float64(589.0), 'max': np.float64(589.0), 'zero_percentage': np.float64(0.0)}
2025-12-21 13:12:53 - forecaster - INFO - Fitting SARIMA(1, 1, 1)x(1, 1, 1, 7) model...
2025-12-21 13:12:53 - forecaster - INFO - SARIMA model fitted successfully
2025-12-21 13:12:53 - forecaster - INFO - AIC: 10.00, BIC: nan
2025-12-21 13:12:53 - forecaster - INFO - Generating 7-day forecast...
2025-12-21 13:12:53 - forecaster - INFO - Forecast generated successfully. Mean value: 645.14
2025-12-21 13:12:53 - forecaster - INFO - Model RMSE: 589.0000
2025-12-21 13:12:53 - forecast_engine - INFO - Generated SARIMA forecast for O-
2025-12-21 13:12:53 - forecast_engine - INFO - Processing blood group: AB+
2025-12-21 13:12:53 - data_processor - WARNING - No data found for blood group AB+
2025-12-21 13:12:53 - forecast_engine - WARNING - Validation failed for AB+: No data available for AB+
2025-12-21 13:12:53 - forecast_engine - INFO - Processing blood group: AB-
2025-12-21 13:12:53 - data_processor - WARNING - No data found for blood group AB-
2025-12-21 13:12:53 - forecast_engine - WARNING - Validation failed for AB-: No data available for AB-
2025-12-21 13:12:53 - forecast_engine - INFO - Forecast pipeline completed. Status: partial_success, Generated 14 forecast records
2025-12-21 13:12:53 - database - INFO - Saved 14 forecast records for organisation 6922ae4a3dae846e73b5a839
2025-12-21 13:12:53 - database - INFO - MongoDB connection closed
2025-12-21 13:14:12 - database - INFO - MongoDB connection established successfully
2025-12-21 13:14:14 - database - INFO - MongoDB connection established successfully
2025-12-21 13:14:14 - database - INFO - MongoDB connection closed
2025-12-21 13:15:40 - database - INFO - MongoDB connection established successfully
2025-12-21 13:15:40 - forecast_engine - INFO - Starting forecast pipeline for organisation 6922ae4a3dae846e73b5a839
2025-12-21 13:15:40 - forecast_engine - INFO - Step 1: Extracting historical data from MongoDB...
2025-12-21 13:15:40 - database - INFO - Fetching blood issue data for organisation 6922ae4a3dae846e73b5a839 from 2025-12-21 05:30:40.032045 to 2025-12-21 07:30:40.032045
2025-12-21 13:15:40 - database - INFO - Successfully fetched 2 records for organisation 6922ae4a3dae846e73b5a839
2025-12-21 13:15:40 - forecast_engine - INFO - Extracted 2 records from 2025-12-21 00:00:00 to 2025-12-21 00:00:00
2025-12-21 13:15:40 - forecast_engine - INFO - Step 2: Processing data and generating forecasts...
2025-12-21 13:15:40 - forecast_engine - INFO - Processing blood group: A+
2025-12-21 13:15:40 - data_processor - WARNING - No data found for blood group A+
2025-12-21 13:15:40 - forecast_engine - WARNING - Validation failed for A+: No data available for A+
2025-12-21 13:15:40 - forecast_engine - INFO - Processing blood group: A-
2025-12-21 13:15:40 - data_processor - WARNING - No data found for blood group A-
2025-12-21 13:15:40 - forecast_engine - WARNING - Validation failed for A-: No data available for A-
2025-12-21 13:15:40 - forecast_engine - INFO - Processing blood group: B+
2025-12-21 13:15:40 - data_processor - INFO - Prepared time series for B+: 1 data points
2025-12-21 13:15:40 - data_processor - INFO - Data quality metrics: {'total_points': 1, 'non_zero_points': np.int64(1), 'zero_days': np.int64(0), 'mean': np.float64(709.0), 'std': np.float64(nan), 'min': np.float64(709.0), 'max': np.float64(709.0), 'zero_percentage': np.float64(0.0)}
2025-12-21 13:15:40 - forecaster - INFO - Fitting SARIMA(1, 1, 1)x(1, 1, 1, 7) model...
2025-12-21 13:15:40 - forecaster - INFO - SARIMA model fitted successfully
2025-12-21 13:15:40 - forecaster - INFO - AIC: 10.00, BIC: nan
2025-12-21 13:15:40 - forecaster - INFO - Generating 7-day forecast...
2025-12-21 13:15:40 - forecaster - INFO - Forecast generated successfully. Mean value: 776.57
2025-12-21 13:15:40 - forecaster - INFO - Model RMSE: 709.0000
2025-12-21 13:15:40 - forecast_engine - INFO - Generated SARIMA forecast for B+
2025-12-21 13:15:40 - forecast_engine - INFO - Processing blood group: B-
2025-12-21 13:15:40 - data_processor - WARNING - No data found for blood group B-
2025-12-21 13:15:40 - forecast_engine - WARNING - Validation failed for B-: No data available for B-
2025-12-21 13:15:40 - forecast_engine - INFO - Processing blood group: O+
2025-12-21 13:15:40 - data_processor - WARNING - No data found for blood group O+
2025-12-21 13:15:40 - forecast_engine - WARNING - Validation failed for O+: No data available for O+
2025-12-21 13:15:40 - forecast_engine - INFO - Processing blood group: O-
2025-12-21 13:15:40 - data_processor - INFO - Prepared time series for O-: 1 data points
2025-12-21 13:15:40 - data_processor - INFO - Data quality metrics: {'total_points': 1, 'non_zero_points': np.int64(1), 'zero_days': np.int64(0), 'mean': np.float64(589.0), 'std': np.float64(nan), 'min': np.float64(589.0), 'max': np.float64(589.0), 'zero_percentage': np.float64(0.0)}
2025-12-21 13:15:40 - forecaster - INFO - Fitting SARIMA(1, 1, 1)x(1, 1, 1, 7) model...
2025-12-21 13:15:40 - forecaster - INFO - SARIMA model fitted successfully
2025-12-21 13:15:40 - forecaster - INFO - AIC: 10.00, BIC: nan
2025-12-21 13:15:40 - forecaster - INFO - Generating 7-day forecast...
2025-12-21 13:15:40 - forecaster - INFO - Forecast generated successfully. Mean value: 645.14
2025-12-21 13:15:40 - forecaster - INFO - Model RMSE: 589.0000
2025-12-21 13:15:40 - forecast_engine - INFO - Generated SARIMA forecast for O-
2025-12-21 13:15:40 - forecast_engine - INFO - Processing blood group: AB+
2025-12-21 13:15:40 - data_processor - WARNING - No data found for blood group AB+
2025-12-21 13:15:40 - forecast_engine - WARNING - Validation failed for AB+: No data available for AB+
2025-12-21 13:15:40 - forecast_engine - INFO - Processing blood group: AB-
2025-12-21 13:15:40 - data_processor - WARNING - No data found for blood group AB-
2025-12-21 13:15:40 - forecast_engine - WARNING - Validation failed for AB-: No data available for AB-
2025-12-21 13:15:40 - forecast_engine - INFO - Forecast pipeline completed. Status: partial_success, Generated 14 forecast records
2025-12-21 13:15:40 - database - INFO - Saved 14 forecast records for organisation 6922ae4a3dae846e73b5a839
2025-12-21 13:15:40 - database - INFO - MongoDB connection closed
2025-12-21 13:15:59 - database - INFO - MongoDB connection established successfully
2025-12-21 13:15:59 - forecast_engine - INFO - Starting forecast pipeline for organisation 6922ae4a3dae846e73b5a839
2025-12-21 13:15:59 - forecast_engine - INFO - Step 1: Extracting historical data from MongoDB...
2025-12-21 13:15:59 - database - INFO - Fetching blood issue data for organisation 6922ae4a3dae846e73b5a839 from 2025-12-21 05:30:59.902961 to 2025-12-21 07:30:59.902961
2025-12-21 13:15:59 - database - INFO - Successfully fetched 2 records for organisation 6922ae4a3dae846e73b5a839
2025-12-21 13:15:59 - forecast_engine - INFO - Extracted 2 records from 2025-12-21 00:00:00 to 2025-12-21 00:00:00
2025-12-21 13:15:59 - forecast_engine - INFO - Step 2: Processing data and generating forecasts...
2025-12-21 13:15:59 - forecast_engine - INFO - Processing blood group: A+
2025-12-21 13:15:59 - data_processor - WARNING - No data found for blood group A+
2025-12-21 13:15:59 - forecast_engine - WARNING - Validation failed for A+: No data available for A+
2025-12-21 13:15:59 - forecast_engine - INFO - Processing blood group: A-
2025-12-21 13:15:59 - data_processor - WARNING - No data found for blood group A-
2025-12-21 13:15:59 - forecast_engine - WARNING - Validation failed for A-: No data available for A-
2025-12-21 13:15:59 - forecast_engine - INFO - Processing blood group: B+
2025-12-21 13:15:59 - data_processor - INFO - Prepared time series for B+: 1 data points
2025-12-21 13:15:59 - data_processor - INFO - Data quality metrics: {'total_points': 1, 'non_zero_points': np.int64(1), 'zero_days': np.int64(0), 'mean': np.float64(709.0), 'std': np.float64(nan), 'min': np.float64(709.0), 'max': np.float64(709.0), 'zero_percentage': np.float64(0.0)}
2025-12-21 13:15:59 - forecaster - INFO - Fitting SARIMA(1, 1, 1)x(1, 1, 1, 7) model...
2025-12-21 13:16:00 - forecaster - INFO - SARIMA model fitted successfully
2025-12-21 13:16:00 - forecaster - INFO - AIC: 10.00, BIC: nan
2025-12-21 13:16:00 - forecaster - INFO - Generating 7-day forecast...
2025-12-21 13:16:00 - forecaster - INFO - Forecast generated successfully. Mean value: 776.57
2025-12-21 13:16:00 - forecaster - INFO - Model RMSE: 709.0000
2025-12-21 13:16:00 - forecast_engine - INFO - Generated SARIMA forecast for B+
2025-12-21 13:16:00 - forecast_engine - INFO - Processing blood group: B-
2025-12-21 13:16:00 - data_processor - WARNING - No data found for blood group B-
2025-12-21 13:16:00 - forecast_engine - WARNING - Validation failed for B-: No data available for B-
2025-12-21 13:16:00 - forecast_engine - INFO - Processing blood group: O+
2025-12-21 13:16:00 - data_processor - WARNING - No data found for blood group O+
2025-12-21 13:16:00 - forecast_engine - WARNING - Validation failed for O+: No data available for O+
2025-12-21 13:16:00 - forecast_engine - INFO - Processing blood group: O-
2025-12-21 13:16:00 - data_processor - INFO - Prepared time series for O-: 1 data points
2025-12-21 13:16:00 - data_processor - INFO - Data quality metrics: {'total_points': 1, 'non_zero_points': np.int64(1), 'zero_days': np.int64(0), 'mean': np.float64(589.0), 'std': np.float64(nan), 'min': np.float64(589.0), 'max': np.float64(589.0), 'zero_percentage': np.float64(0.0)}
2025-12-21 13:16:00 - forecaster - INFO - Fitting SARIMA(1, 1, 1)x(1, 1, 1, 7) model...
2025-12-21 13:16:00 - forecaster - INFO - SARIMA model fitted successfully
2025-12-21 13:16:00 - forecaster - INFO - AIC: 10.00, BIC: nan
2025-12-21 13:16:00 - forecaster - INFO - Generating 7-day forecast...
2025-12-21 13:16:00 - forecaster - INFO - Forecast generated successfully. Mean value: 645.14
2025-12-21 13:16:00 - forecaster - INFO - Model RMSE: 589.0000
2025-12-21 13:16:00 - forecast_engine - INFO - Generated SARIMA forecast for O-
2025-12-21 13:16:00 - forecast_engine - INFO - Processing blood group: AB+
2025-12-21 13:16:00 - data_processor - WARNING - No data found for blood group AB+
2025-12-21 13:16:00 - forecast_engine - WARNING - Validation failed for AB+: No data available for AB+
2025-12-21 13:16:00 - forecast_engine - INFO - Processing blood group: AB-
2025-12-21 13:16:00 - data_processor - WARNING - No data found for blood group AB-
2025-12-21 13:16:00 - forecast_engine - WARNING - Validation failed for AB-: No data available for AB-
2025-12-21 13:16:00 - forecast_engine - INFO - Forecast pipeline completed. Status: partial_success, Generated 14 forecast records
2025-12-21 13:16:00 - database - INFO - Saved 14 forecast records for organisation 6922ae4a3dae846e73b5a839
2025-12-21 13:16:00 - database - INFO - MongoDB connection closed
2025-12-21 13:18:04 - database - INFO - MongoDB connection established successfully
2025-12-21 13:18:04 - forecast_engine - INFO - Starting forecast pipeline for organisation 6922ae4a3dae846e73b5a839
2025-12-21 13:18:04 - forecast_engine - INFO - Step 1: Extracting historical data from MongoDB...
2025-12-21 13:18:04 - database - INFO - Fetching blood issue data for organisation 6922ae4a3dae846e73b5a839 from 2025-12-21 05:33:04.897386 to 2025-12-21 07:33:04.897386
2025-12-21 13:18:04 - database - INFO - Successfully fetched 2 records for organisation 6922ae4a3dae846e73b5a839
2025-12-21 13:18:04 - forecast_engine - INFO - Extracted 2 records from 2025-12-21 00:00:00 to 2025-12-21 00:00:00
2025-12-21 13:18:04 - forecast_engine - INFO - Step 2: Processing data and generating forecasts...
2025-12-21 13:18:04 - forecast_engine - INFO - Processing blood group: A+
2025-12-21 13:18:04 - data_processor - WARNING - No data found for blood group A+
2025-12-21 13:18:04 - forecast_engine - WARNING - Validation failed for A+: No data available for A+
2025-12-21 13:18:04 - forecast_engine - INFO - Processing blood group: A-
2025-12-21 13:18:04 - data_processor - WARNING - No data found for blood group A-
2025-12-21 13:18:04 - forecast_engine - WARNING - Validation failed for A-: No data available for A-
2025-12-21 13:18:04 - forecast_engine - INFO - Processing blood group: B+
2025-12-21 13:18:04 - data_processor - INFO - Prepared time series for B+: 1 data points
2025-12-21 13:18:04 - data_processor - INFO - Data quality metrics: {'total_points': 1, 'non_zero_points': np.int64(1), 'zero_days': np.int64(0), 'mean': np.float64(709.0), 'std': np.float64(nan), 'min': np.float64(709.0), 'max': np.float64(709.0), 'zero_percentage': np.float64(0.0)}
2025-12-21 13:18:04 - forecaster - INFO - Fitting SARIMA(1, 1, 1)x(1, 1, 1, 7) model...
2025-12-21 13:18:04 - forecaster - INFO - SARIMA model fitted successfully
2025-12-21 13:18:04 - forecaster - INFO - AIC: 10.00, BIC: nan
2025-12-21 13:18:04 - forecaster - INFO - Generating 7-day forecast...
2025-12-21 13:18:04 - forecaster - INFO - Forecast generated successfully. Mean value: 776.57
2025-12-21 13:18:04 - forecaster - INFO - Model RMSE: 709.0000
2025-12-21 13:18:04 - forecast_engine - INFO - Generated SARIMA forecast for B+
2025-12-21 13:18:04 - forecast_engine - INFO - Processing blood group: B-
2025-12-21 13:18:04 - data_processor - WARNING - No data found for blood group B-
2025-12-21 13:18:04 - forecast_engine - WARNING - Validation failed for B-: No data available for B-
2025-12-21 13:18:04 - forecast_engine - INFO - Processing blood group: O+
2025-12-21 13:18:04 - data_processor - WARNING - No data found for blood group O+
2025-12-21 13:18:04 - forecast_engine - WARNING - Validation failed for O+: No data available for O+
2025-12-21 13:18:04 - forecast_engine - INFO - Processing blood group: O-
2025-12-21 13:18:04 - data_processor - INFO - Prepared time series for O-: 1 data points
2025-12-21 13:18:04 - data_processor - INFO - Data quality metrics: {'total_points': 1, 'non_zero_points': np.int64(1), 'zero_days': np.int64(0), 'mean': np.float64(589.0), 'std': np.float64(nan), 'min': np.float64(589.0), 'max': np.float64(589.0), 'zero_percentage': np.float64(0.0)}
2025-12-21 13:18:04 - forecaster - INFO - Fitting SARIMA(1, 1, 1)x(1, 1, 1, 7) model...
2025-12-21 13:18:04 - forecaster - INFO - SARIMA model fitted successfully
2025-12-21 13:18:04 - forecaster - INFO - AIC: 10.00, BIC: nan
2025-12-21 13:18:04 - forecaster - INFO - Generating 7-day forecast...
2025-12-21 13:18:04 - forecaster - INFO - Forecast generated successfully. Mean value: 645.14
2025-12-21 13:18:04 - forecaster - INFO - Model RMSE: 589.0000
2025-12-21 13:18:04 - forecast_engine - INFO - Generated SARIMA forecast for O-
2025-12-21 13:18:04 - forecast_engine - INFO - Processing blood group: AB+
2025-12-21 13:18:04 - data_processor - WARNING - No data found for blood group AB+
2025-12-21 13:18:04 - forecast_engine - WARNING - Validation failed for AB+: No data available for AB+
2025-12-21 13:18:04 - forecast_engine - INFO - Processing blood group: AB-
2025-12-21 13:18:04 - data_processor - WARNING - No data found for blood group AB-
2025-12-21 13:18:04 - forecast_engine - WARNING - Validation failed for AB-: No data available for AB-
2025-12-21 13:18:04 - forecast_engine - INFO - Forecast pipeline completed. Status: partial_success, Generated 14 forecast records
2025-12-21 13:18:05 - database - INFO - Saved 14 forecast records for organisation 6922ae4a3dae846e73b5a839
2025-12-21 13:18:05 - database - INFO - MongoDB connection closed
2025-12-21 13:21:06 - database - INFO - MongoDB connection established successfully
2025-12-21 13:21:06 - forecast_engine - INFO - Starting forecast pipeline for organisation 6922ae4a3dae846e73b5a839
2025-12-21 13:21:06 - forecast_engine - INFO - Step 1: Extracting historical data from MongoDB...
2025-12-21 13:21:06 - database - INFO - Fetching blood issue data for organisation 6922ae4a3dae846e73b5a839 from 2025-12-21 05:36:06.968004 to 2025-12-21 07:36:06.968004
2025-12-21 13:21:07 - database - INFO - Successfully fetched 2 records for organisation 6922ae4a3dae846e73b5a839
2025-12-21 13:21:07 - forecast_engine - INFO - Extracted 2 records from 2025-12-21 00:00:00 to 2025-12-21 00:00:00
2025-12-21 13:21:07 - forecast_engine - INFO - Step 2: Processing data and generating forecasts...
2025-12-21 13:21:07 - forecast_engine - INFO - Processing blood group: A+
2025-12-21 13:21:07 - data_processor - WARNING - No data found for blood group A+
2025-12-21 13:21:07 - forecast_engine - WARNING - Validation failed for A+: No data available for A+
2025-12-21 13:21:07 - forecast_engine - INFO - Processing blood group: A-
2025-12-21 13:21:07 - data_processor - WARNING - No data found for blood group A-
2025-12-21 13:21:07 - forecast_engine - WARNING - Validation failed for A-: No data available for A-
2025-12-21 13:21:07 - forecast_engine - INFO - Processing blood group: B+
2025-12-21 13:21:07 - data_processor - INFO - Prepared time series for B+: 1 data points
2025-12-21 13:21:07 - data_processor - INFO - Data quality metrics: {'total_points': 1, 'non_zero_points': np.int64(1), 'zero_days': np.int64(0), 'mean': np.float64(709.0), 'std': np.float64(nan), 'min': np.float64(709.0), 'max': np.float64(709.0), 'zero_percentage': np.float64(0.0)}
2025-12-21 13:21:07 - forecaster - INFO - Fitting SARIMA(1, 1, 1)x(1, 1, 1, 7) model...
2025-12-21 13:21:07 - forecaster - INFO - SARIMA model fitted successfully
2025-12-21 13:21:07 - forecaster - INFO - AIC: 10.00, BIC: nan
2025-12-21 13:21:07 - forecaster - INFO - Generating 7-day forecast...
2025-12-21 13:21:07 - forecaster - INFO - Forecast generated successfully. Mean value: 776.57
2025-12-21 13:21:07 - forecaster - INFO - Model RMSE: 709.0000
2025-12-21 13:21:07 - forecast_engine - INFO - Generated SARIMA forecast for B+
2025-12-21 13:21:07 - forecast_engine - INFO - Processing blood group: B-
2025-12-21 13:21:07 - data_processor - WARNING - No data found for blood group B-
2025-12-21 13:21:07 - forecast_engine - WARNING - Validation failed for B-: No data available for B-
2025-12-21 13:21:07 - forecast_engine - INFO - Processing blood group: O+
2025-12-21 13:21:07 - data_processor - WARNING - No data found for blood group O+
2025-12-21 13:21:07 - forecast_engine - WARNING - Validation failed for O+: No data available for O+
2025-12-21 13:21:07 - forecast_engine - INFO - Processing blood group: O-
2025-12-21 13:21:07 - data_processor - INFO - Prepared time series for O-: 1 data points
2025-12-21 13:21:07 - data_processor - INFO - Data quality metrics: {'total_points': 1, 'non_zero_points': np.int64(1), 'zero_days': np.int64(0), 'mean': np.float64(589.0), 'std': np.float64(nan), 'min': np.float64(589.0), 'max': np.float64(589.0), 'zero_percentage': np.float64(0.0)}
2025-12-21 13:21:07 - forecaster - INFO - Fitting SARIMA(1, 1, 1)x(1, 1, 1, 7) model...
2025-12-21 13:21:07 - forecaster - INFO - SARIMA model fitted successfully
2025-12-21 13:21:07 - forecaster - INFO - AIC: 10.00, BIC: nan
2025-12-21 13:21:07 - forecaster - INFO - Generating 7-day forecast...
2025-12-21 13:21:07 - forecaster - INFO - Forecast generated successfully. Mean value: 645.14
2025-12-21 13:21:07 - forecaster - INFO - Model RMSE: 589.0000
2025-12-21 13:21:07 - forecast_engine - INFO - Generated SARIMA forecast for O-
2025-12-21 13:21:07 - forecast_engine - INFO - Processing blood group: AB+
2025-12-21 13:21:07 - data_processor - WARNING - No data found for blood group AB+
2025-12-21 13:21:07 - forecast_engine - WARNING - Validation failed for AB+: No data available for AB+
2025-12-21 13:21:07 - forecast_engine - INFO - Processing blood group: AB-
2025-12-21 13:21:07 - data_processor - WARNING - No data found for blood group AB-
2025-12-21 13:21:07 - forecast_engine - WARNING - Validation failed for AB-: No data available for AB-
2025-12-21 13:21:07 - forecast_engine - INFO - Forecast pipeline completed. Status: partial_success, Generated 14 forecast records
2025-12-21 13:21:07 - database - INFO - Saved 14 forecast records for organisation 6922ae4a3dae846e73b5a839
2025-12-21 13:21:07 - database - INFO - MongoDB connection closed
2025-12-21 13:22:23 - database - INFO - MongoDB connection established successfully
2025-12-21 13:22:23 - forecast_engine - INFO - Starting forecast pipeline for organisation 6922ae4a3dae846e73b5a839
2025-12-21 13:22:23 - forecast_engine - INFO - Step 1: Extracting historical data from MongoDB...
2025-12-21 13:22:23 - database - INFO - Fetching blood issue data for organisation 6922ae4a3dae846e73b5a839 from 2025-12-21 05:37:23.663251 to 2025-12-21 07:37:23.663251
2025-12-21 13:22:23 - database - INFO - Successfully fetched 2 records for organisation 6922ae4a3dae846e73b5a839
2025-12-21 13:22:23 - forecast_engine - INFO - Extracted 2 records from 2025-12-21 00:00:00 to 2025-12-21 00:00:00
2025-12-21 13:22:23 - forecast_engine - INFO - Step 2: Processing data and generating forecasts...
2025-12-21 13:22:23 - forecast_engine - INFO - Processing blood group: A+
2025-12-21 13:22:23 - data_processor - WARNING - No data found for blood group A+
2025-12-21 13:22:23 - forecast_engine - WARNING - Validation failed for A+: No data available for A+
2025-12-21 13:22:23 - forecast_engine - INFO - Processing blood group: A-
2025-12-21 13:22:23 - data_processor - WARNING - No data found for blood group A-
2025-12-21 13:22:23 - forecast_engine - WARNING - Validation failed for A-: No data available for A-
2025-12-21 13:22:23 - forecast_engine - INFO - Processing blood group: B+
2025-12-21 13:22:23 - data_processor - INFO - Prepared time series for B+: 1 data points
2025-12-21 13:22:23 - data_processor - INFO - Data quality metrics: {'total_points': 1, 'non_zero_points': np.int64(1), 'zero_days': np.int64(0), 'mean': np.float64(709.0), 'std': np.float64(nan), 'min': np.float64(709.0), 'max': np.float64(709.0), 'zero_percentage': np.float64(0.0)}
2025-12-21 13:22:23 - forecaster - INFO - Fitting SARIMA(1, 1, 1)x(1, 1, 1, 7) model...
2025-12-21 13:22:23 - forecaster - INFO - SARIMA model fitted successfully
2025-12-21 13:22:23 - forecaster - INFO - AIC: 10.00, BIC: nan
2025-12-21 13:22:23 - forecaster - INFO - Generating 7-day forecast...
2025-12-21 13:22:23 - forecaster - INFO - Forecast generated successfully. Mean value: 776.57
2025-12-21 13:22:23 - forecaster - INFO - Model RMSE: 709.0000
2025-12-21 13:22:23 - forecast_engine - INFO - Generated SARIMA forecast for B+
2025-12-21 13:22:23 - forecast_engine - INFO - Processing blood group: B-
2025-12-21 13:22:23 - data_processor - WARNING - No data found for blood group B-
2025-12-21 13:22:23 - forecast_engine - WARNING - Validation failed for B-: No data available for B-
2025-12-21 13:22:23 - forecast_engine - INFO - Processing blood group: O+
2025-12-21 13:22:23 - data_processor - WARNING - No data found for blood group O+
2025-12-21 13:22:23 - forecast_engine - WARNING - Validation failed for O+: No data available for O+
2025-12-21 13:22:23 - forecast_engine - INFO - Processing blood group: O-
2025-12-21 13:22:23 - data_processor - INFO - Prepared time series for O-: 1 data points
2025-12-21 13:22:23 - data_processor - INFO - Data quality metrics: {'total_points': 1, 'non_zero_points': np.int64(1), 'zero_days': np.int64(0), 'mean': np.float64(589.0), 'std': np.float64(nan), 'min': np.float64(589.0), 'max': np.float64(589.0), 'zero_percentage': np.float64(0.0)}
2025-12-21 13:22:23 - forecaster - INFO - Fitting SARIMA(1, 1, 1)x(1, 1, 1, 7) model...
2025-12-21 13:22:23 - forecaster - INFO - SARIMA model fitted successfully
2025-12-21 13:22:23 - forecaster - INFO - AIC: 10.00, BIC: nan
2025-12-21 13:22:23 - forecaster - INFO - Generating 7-day forecast...
2025-12-21 13:22:23 - forecaster - INFO - Forecast generated successfully. Mean value: 645.14
2025-12-21 13:22:23 - forecaster - INFO - Model RMSE: 589.0000
2025-12-21 13:22:23 - forecast_engine - INFO - Generated SARIMA forecast for O-
2025-12-21 13:22:23 - forecast_engine - INFO - Processing blood group: AB+
2025-12-21 13:22:23 - data_processor - WARNING - No data found for blood group AB+
2025-12-21 13:22:23 - forecast_engine - WARNING - Validation failed for AB+: No data available for AB+
2025-12-21 13:22:23 - forecast_engine - INFO - Processing blood group: AB-
2025-12-21 13:22:23 - data_processor - WARNING - No data found for blood group AB-
2025-12-21 13:22:23 - forecast_engine - WARNING - Validation failed for AB-: No data available for AB-
2025-12-21 13:22:23 - forecast_engine - INFO - Forecast pipeline completed. Status: partial_success, Generated 14 forecast records
2025-12-21 13:22:23 - database - INFO - Saved 14 forecast records for organisation 6922ae4a3dae846e73b5a839
2025-12-21 13:22:23 - database - INFO - MongoDB connection closed
2025-12-21 13:23:39 - database - INFO - MongoDB connection established successfully
2025-12-21 13:23:40 - database - INFO - MongoDB connection established successfully
2025-12-21 13:23:41 - database - INFO - MongoDB connection closed
2025-12-21 13:24:32 - database - INFO - MongoDB connection established successfully
2025-12-21 13:24:34 - database - INFO - MongoDB connection established successfully
2025-12-21 13:24:34 - database - INFO - MongoDB connection closed
2025-12-21 13:25:16 - database - INFO - MongoDB connection established successfully
2025-12-21 13:25:16 - forecast_engine - INFO - Starting forecast pipeline for organisation 6922ae4a3dae846e73b5a839
2025-12-21 13:25:16 - forecast_engine - INFO - Step 1: Extracting historical data from MongoDB...
2025-12-21 13:25:16 - database - INFO - Fetching blood issue data for organisation 6922ae4a3dae846e73b5a839 from 2025-12-21 05:40:16.448441 to 2025-12-21 07:40:16.448441
2025-12-21 13:25:16 - database - INFO - Successfully fetched 2 records for organisation 6922ae4a3dae846e73b5a839
2025-12-21 13:25:16 - forecast_engine - INFO - Extracted 2 records from 2025-12-21 00:00:00 to 2025-12-21 00:00:00
2025-12-21 13:25:16 - forecast_engine - INFO - Step 2: Processing data and generating forecasts...
2025-12-21 13:25:16 - forecast_engine - INFO - Processing blood group: A+
2025-12-21 13:25:16 - data_processor - WARNING - No data found for blood group A+
2025-12-21 13:25:16 - forecast_engine - WARNING - Validation failed for A+: No data available for A+
2025-12-21 13:25:16 - forecast_engine - INFO - Processing blood group: A-
2025-12-21 13:25:16 - data_processor - WARNING - No data found for blood group A-
2025-12-21 13:25:16 - forecast_engine - WARNING - Validation failed for A-: No data available for A-
2025-12-21 13:25:16 - forecast_engine - INFO - Processing blood group: B+
2025-12-21 13:25:16 - data_processor - INFO - Prepared time series for B+: 1 data points
2025-12-21 13:25:16 - data_processor - INFO - Data quality metrics: {'total_points': 1, 'non_zero_points': np.int64(1), 'zero_days': np.int64(0), 'mean': np.float64(709.0), 'std': np.float64(nan), 'min': np.float64(709.0), 'max': np.float64(709.0), 'zero_percentage': np.float64(0.0)}
2025-12-21 13:25:16 - forecaster - INFO - Fitting SARIMA(1, 1, 1)x(1, 1, 1, 7) model...
2025-12-21 13:25:16 - forecaster - INFO - SARIMA model fitted successfully
2025-12-21 13:25:16 - forecaster - INFO - AIC: 10.00, BIC: nan
2025-12-21 13:25:16 - forecaster - INFO - Generating 7-day forecast...
2025-12-21 13:25:16 - forecaster - INFO - Forecast generated successfully. Mean value: 776.57
2025-12-21 13:25:16 - forecaster - INFO - Model RMSE: 709.0000
2025-12-21 13:25:16 - forecast_engine - INFO - Generated SARIMA forecast for B+
2025-12-21 13:25:16 - forecast_engine - INFO - Processing blood group: B-
2025-12-21 13:25:16 - data_processor - WARNING - No data found for blood group B-
2025-12-21 13:25:16 - forecast_engine - WARNING - Validation failed for B-: No data available for B-
2025-12-21 13:25:16 - forecast_engine - INFO - Processing blood group: O+
2025-12-21 13:25:16 - data_processor - WARNING - No data found for blood group O+
2025-12-21 13:25:16 - forecast_engine - WARNING - Validation failed for O+: No data available for O+
2025-12-21 13:25:16 - forecast_engine - INFO - Processing blood group: O-
2025-12-21 13:25:16 - data_processor - INFO - Prepared time series for O-: 1 data points
2025-12-21 13:25:16 - data_processor - INFO - Data quality metrics: {'total_points': 1, 'non_zero_points': np.int64(1), 'zero_days': np.int64(0), 'mean': np.float64(589.0), 'std': np.float64(nan), 'min': np.float64(589.0), 'max': np.float64(589.0), 'zero_percentage': np.float64(0.0)}
2025-12-21 13:25:16 - forecaster - INFO - Fitting SARIMA(1, 1, 1)x(1, 1, 1, 7) model...
2025-12-21 13:25:16 - forecaster - INFO - SARIMA model fitted successfully
2025-12-21 13:25:16 - forecaster - INFO - AIC: 10.00, BIC: nan
2025-12-21 13:25:16 - forecaster - INFO - Generating 7-day forecast...
2025-12-21 13:25:16 - forecaster - INFO - Forecast generated successfully. Mean value: 645.14
2025-12-21 13:25:16 - forecaster - INFO - Model RMSE: 589.0000
2025-12-21 13:25:16 - forecast_engine - INFO - Generated SARIMA forecast for O-
2025-12-21 13:25:16 - forecast_engine - INFO - Processing blood group: AB+
2025-12-21 13:25:16 - data_processor - WARNING - No data found for blood group AB+
2025-12-21 13:25:16 - forecast_engine - WARNING - Validation failed for AB+: No data available for AB+
2025-12-21 13:25:16 - forecast_engine - INFO - Processing blood group: AB-
2025-12-21 13:25:16 - data_processor - WARNING - No data found for blood group AB-
2025-12-21 13:25:16 - forecast_engine - WARNING - Validation failed for AB-: No data available for AB-
2025-12-21 13:25:16 - forecast_engine - INFO - Forecast pipeline completed. Status: partial_success, Generated 14 forecast records
2025-12-21 13:25:16 - database - INFO - Saved 14 forecast records for organisation 6922ae4a3dae846e73b5a839
2025-12-21 13:25:16 - database - INFO - MongoDB connection closed
2025-12-21 13:25:24 - database - INFO - MongoDB connection established successfully
2025-12-21 13:25:25 - database - INFO - MongoDB connection established successfully
2025-12-21 13:25:26 - database - INFO - MongoDB connection closed
2025-12-21 15:44:09 - database - INFO - MongoDB connection established successfully
2025-12-21 15:44:09 - forecast_engine - INFO - Starting forecast pipeline for organisation 6922ae4a3dae846e73b5a839
2025-12-21 15:44:09 - forecast_engine - INFO - Step 1: Extracting historical data from MongoDB...
2025-12-21 15:44:09 - database - INFO - Fetching blood issue data for organisation 6922ae4a3dae846e73b5a839 from 2025-12-21 07:59:09.823332 to 2025-12-21 09:59:09.823332
2025-12-21 15:44:09 - database - WARNING - No blood issue data found for organisation 6922ae4a3dae846e73b5a839
2025-12-21 15:44:09 - forecast_engine - ERROR - No data found for organisation 6922ae4a3dae846e73b5a839
2025-12-21 15:44:09 - database - INFO - MongoDB connection closed
2025-12-21 15:46:13 - database - INFO - MongoDB connection established successfully
2025-12-21 15:46:13 - forecast_engine - INFO - Starting forecast pipeline for organisation 6922ae4a3dae846e73b5a839
2025-12-21 15:46:13 - forecast_engine - INFO - Step 1: Extracting historical data from MongoDB...
2025-12-21 15:46:13 - database - INFO - Fetching blood issue data for organisation 6922ae4a3dae846e73b5a839 from 2025-12-21 08:01:13.377314 to 2025-12-21 10:01:13.377314
2025-12-21 15:46:13 - database - WARNING - No blood issue data found for organisation 6922ae4a3dae846e73b5a839
2025-12-21 15:46:13 - forecast_engine - ERROR - No data found for organisation 6922ae4a3dae846e73b5a839
2025-12-21 15:46:13 - database - INFO - MongoDB connection closed
2025-12-21 15:48:54 - database - INFO - MongoDB connection established successfully
2025-12-21 15:48:54 - forecast_engine - INFO - Starting forecast pipeline for organisation 6922ae4a3dae846e73b5a839
2025-12-21 15:48:54 - forecast_engine - INFO - Step 1: Extracting historical data from MongoDB...
2025-12-21 15:48:55 - database - INFO - MongoDB connection established successfully
2025-12-21 15:48:55 - database - INFO - Fetching blood issue data for organisation 6922ae4a3dae846e73b5a839 from 2025-12-21 08:03:55.341597 to 2025-12-21 10:03:55.341597
2025-12-21 15:48:55 - database - WARNING - No blood issue data found for organisation 6922ae4a3dae846e73b5a839
2025-12-21 15:48:55 - forecast_engine - WARNING - No data found for organisation 6922ae4a3dae846e73b5a839 - will use placeholder forecast
2025-12-21 15:48:55 - forecast_engine - INFO - Generating placeholder forecasts for 6922ae4a3dae846e73b5a839
2025-12-21 15:48:55 - database - INFO - MongoDB connection closed
2025-12-21 15:50:23 - database - INFO - MongoDB connection established successfully
2025-12-21 15:50:23 - forecast_engine - INFO - Starting forecast pipeline for organisation 6922ae4a3dae846e73b5a839
2025-12-21 15:50:23 - forecast_engine - INFO - Step 1: Extracting historical data from MongoDB...
2025-12-21 15:50:24 - database - INFO - MongoDB connection established successfully
2025-12-21 15:50:24 - database - INFO - Fetching blood issue data for organisation 6922ae4a3dae846e73b5a839 from 2025-12-21 08:05:24.493313 to 2025-12-21 10:05:24.493313
2025-12-21 15:50:24 - database - WARNING - No blood issue data found for organisation 6922ae4a3dae846e73b5a839
2025-12-21 15:50:24 - forecast_engine - WARNING - No data found for organisation 6922ae4a3dae846e73b5a839 - will use placeholder forecast
2025-12-21 15:50:24 - forecast_engine - INFO - Generating placeholder forecasts for 6922ae4a3dae846e73b5a839
2025-12-21 15:50:24 - database - INFO - MongoDB connection closed
2025-12-21 16:12:34 - database - INFO - MongoDB connection established successfully
2025-12-21 16:12:34 - forecast_engine - INFO - Starting forecast pipeline for organisation 6922ae4a3dae846e73b5a839
2025-12-21 16:12:34 - forecast_engine - INFO - Step 1: Extracting historical data from MongoDB...
2025-12-21 16:12:34 - database - INFO - MongoDB connection established successfully
2025-12-21 16:12:34 - database - INFO - Fetching blood issue data for organisation 6922ae4a3dae846e73b5a839 from 2025-06-24 10:27:34.694377 to 2025-12-21 10:27:34.694377
2025-12-21 16:12:34 - database - WARNING - No blood issue data found for organisation 6922ae4a3dae846e73b5a839
2025-12-21 16:12:34 - forecast_engine - WARNING - No data found for organisation 6922ae4a3dae846e73b5a839 - will use placeholder forecast
2025-12-21 16:12:34 - forecast_engine - INFO - Generating placeholder forecasts for 6922ae4a3dae846e73b5a839
2025-12-21 16:12:34 - database - INFO - MongoDB connection closed
2025-12-21 16:14:28 - database - INFO - MongoDB connection established successfully
2025-12-21 16:14:29 - database - INFO - MongoDB connection established successfully
2025-12-21 16:14:29 - database - WARNING - No forecasts found for organisation test123
2025-12-21 16:14:29 - api - WARNING - No forecast found for organisation test123
2025-12-21 16:14:29 - database - INFO - MongoDB connection closed
2025-12-21 16:15:00 - database - INFO - MongoDB connection established successfully
2025-12-21 16:15:01 - database - INFO - MongoDB connection established successfully
2025-12-21 16:15:01 - database - INFO - Latest forecast date for org 6922ae4a3dae846e73b5a839: 2025-12-21 07:40:16.674000
2025-12-21 16:15:01 - database - INFO - Retrieved 14 forecast records for organisation 6922ae4a3dae846e73b5a839
2025-12-21 16:15:01 - api - INFO - Retrieved 14 forecast records
2025-12-21 16:15:01 - api - INFO - Grouped into 2 blood groups
2025-12-21 16:15:01 - database - INFO - MongoDB connection closed
2025-12-21 16:15:45 - database - INFO - MongoDB connection established successfully
2025-12-21 16:15:45 - forecast_engine - INFO - Starting forecast pipeline for organisation 6922ae4a3dae846e73b5a839
2025-12-21 16:15:45 - forecast_engine - INFO - Step 1: Extracting historical data from MongoDB...
2025-12-21 16:15:46 - database - INFO - MongoDB connection established successfully
2025-12-21 16:15:46 - database - INFO - Fetching blood issue data for organisation 6922ae4a3dae846e73b5a839 from 2025-06-24 10:30:46.394636 to 2025-12-21 10:30:46.394636
2025-12-21 16:15:46 - database - WARNING - No blood issue data found for organisation 6922ae4a3dae846e73b5a839
2025-12-21 16:15:46 - forecast_engine - WARNING - No data found for organisation 6922ae4a3dae846e73b5a839 - will use placeholder forecast
2025-12-21 16:15:46 - forecast_engine - INFO - Generating placeholder forecasts for 6922ae4a3dae846e73b5a839
2025-12-21 16:15:46 - database - INFO - MongoDB connection closed
2025-12-21 16:15:55 - database - INFO - MongoDB connection established successfully
2025-12-21 16:15:55 - database - INFO - MongoDB connection established successfully
2025-12-21 16:15:55 - database - INFO - Latest forecast date for org 6922ae4a3dae846e73b5a839: 2025-12-21 07:40:16.674000
2025-12-21 16:15:55 - database - INFO - Retrieved 14 forecast records for organisation 6922ae4a3dae846e73b5a839
2025-12-21 16:15:55 - api - INFO - Retrieved 14 forecast records
2025-12-21 16:15:55 - api - INFO - Grouped into 2 blood groups
2025-12-21 16:15:55 - database - INFO - MongoDB connection closed
2025-12-21 16:16:32 - database - INFO - MongoDB connection established successfully
2025-12-21 16:16:32 - database - INFO - MongoDB connection established successfully
2025-12-21 16:16:32 - database - INFO - Latest forecast date for org 6922ae4a3dae846e73b5a839: 2025-12-21 07:40:16.674000
2025-12-21 16:16:32 - database - INFO - Retrieved 14 forecast records for organisation 6922ae4a3dae846e73b5a839
2025-12-21 16:16:32 - api - INFO - Retrieved 14 forecast records
2025-12-21 16:16:32 - api - INFO - Grouped into 2 blood groups
2025-12-21 16:16:33 - database - INFO - MongoDB connection closed
2025-12-21 16:16:37 - database - INFO - MongoDB connection established successfully
2025-12-21 16:16:38 - database - INFO - MongoDB connection established successfully
2025-12-21 16:16:38 - database - INFO - Latest forecast date for org 6922ae4a3dae846e73b5a839: 2025-12-21 07:40:16.674000
2025-12-21 16:16:38 - database - INFO - Retrieved 14 forecast records for organisation 6922ae4a3dae846e73b5a839
2025-12-21 16:16:38 - api - INFO - Retrieved 14 forecast records
2025-12-21 16:16:38 - api - INFO - Grouped into 2 blood groups
2025-12-21 16:16:38 - database - INFO - MongoDB connection closed
2025-12-21 16:17:48 - database - INFO - MongoDB connection established successfully
2025-12-21 16:17:48 - database - INFO - MongoDB connection established successfully
2025-12-21 16:17:48 - database - INFO - Latest forecast date for org 6922ae4a3dae846e73b5a839: 2025-12-21 07:40:16.674000
2025-12-21 16:17:49 - database - INFO - Retrieved 14 forecast records for organisation 6922ae4a3dae846e73b5a839
2025-12-21 16:17:49 - api - INFO - Retrieved 14 forecast records
2025-12-21 16:17:49 - api - INFO - Grouped into 2 blood groups
2025-12-21 16:17:49 - database - INFO - MongoDB connection closed
2025-12-21 16:20:05 - database - INFO - MongoDB connection established successfully
2025-12-21 16:20:06 - database - INFO - MongoDB connection established successfully
2025-12-21 16:20:06 - database - INFO - Latest forecast date for org 6922ae4a3dae846e73b5a839: 2025-12-21 07:40:16.674000
2025-12-21 16:20:06 - database - INFO - Retrieved 14 forecast records for organisation 6922ae4a3dae846e73b5a839
2025-12-21 16:20:06 - api - INFO - Retrieved 14 forecast records
2025-12-21 16:20:06 - api - INFO - Grouped into 2 blood groups
2025-12-21 16:20:06 - database - INFO - MongoDB connection closed
2025-12-21 16:25:56 - database - INFO - MongoDB connection established successfully
2025-12-21 16:25:56 - forecast_engine - INFO - Starting forecast pipeline for organisation 6922ae4a3dae846e73b5a839
2025-12-21 16:25:56 - forecast_engine - INFO - Step 1: Extracting historical data from MongoDB...
2025-12-21 16:25:57 - database - INFO - MongoDB connection established successfully
2025-12-21 16:25:57 - database - INFO - Fetching blood issue data for organisation 6922ae4a3dae846e73b5a839 from 2025-06-24 10:40:57.493147 to 2025-12-21 10:40:57.493147
2025-12-21 16:25:57 - database - WARNING - No blood issue data found for organisation 6922ae4a3dae846e73b5a839
2025-12-21 16:25:57 - forecast_engine - WARNING - No data found for organisation 6922ae4a3dae846e73b5a839 - will use placeholder forecast
2025-12-21 16:25:57 - forecast_engine - INFO - Generating placeholder forecasts for 6922ae4a3dae846e73b5a839
2025-12-21 16:25:57 - database - INFO - MongoDB connection closed
2025-12-21 16:26:03 - database - INFO - MongoDB connection established successfully
2025-12-21 16:26:04 - database - INFO - MongoDB connection established successfully
2025-12-21 16:26:04 - database - INFO - Latest forecast date for org 6922ae4a3dae846e73b5a839: 2025-12-21 07:40:16.674000
2025-12-21 16:26:04 - database - INFO - Retrieved 14 forecast records for organisation 6922ae4a3dae846e73b5a839
2025-12-21 16:26:04 - api - INFO - Retrieved 14 forecast records
2025-12-21 16:26:04 - api - INFO - Grouped into 2 blood groups
2025-12-21 16:26:04 - database - INFO - MongoDB connection closed
2025-12-21 16:26:41 - database - INFO - MongoDB connection established successfully
2025-12-21 16:26:41 - database - INFO - MongoDB connection established successfully
2025-12-21 16:26:41 - database - INFO - Latest forecast date for org 6922ae4a3dae846e73b5a839: 2025-12-21 07:40:16.674000
2025-12-21 16:26:41 - database - INFO - Retrieved 14 forecast records for organisation 6922ae4a3dae846e73b5a839
2025-12-21 16:26:41 - api - INFO - Retrieved 14 forecast records
2025-12-21 16:26:41 - api - INFO - Grouped into 2 blood groups
2025-12-21 16:26:42 - database - INFO - MongoDB connection closed
2025-12-21 16:26:46 - database - INFO - MongoDB connection established successfully
2025-12-21 16:26:47 - database - INFO - MongoDB connection established successfully
2025-12-21 16:26:47 - database - INFO - Latest forecast date for org 6922ae4a3dae846e73b5a839: 2025-12-21 07:40:16.674000
2025-12-21 16:26:47 - database - INFO - Retrieved 14 forecast records for organisation 6922ae4a3dae846e73b5a839
2025-12-21 16:26:47 - api - INFO - Retrieved 14 forecast records
2025-12-21 16:26:47 - api - INFO - Grouped into 2 blood groups
2025-12-21 16:26:47 - database - INFO - MongoDB connection closed
2026-01-03 16:25:51 - database - INFO - MongoDB connection established successfully
2026-01-03 16:25:52 - database - INFO - MongoDB connection established successfully
2026-01-03 16:25:52 - database - INFO - Latest forecast date for org 6922ae4a3dae846e73b5a839: 2025-12-21 07:40:16.674000
2026-01-03 16:25:52 - database - INFO - Retrieved 14 forecast records for organisation 6922ae4a3dae846e73b5a839
2026-01-03 16:25:52 - api - INFO - Retrieved 14 forecast records
2026-01-03 16:25:52 - api - INFO - Grouped into 2 blood groups
2026-01-03 16:25:52 - database - INFO - MongoDB connection closed
2026-01-03 16:25:57 - database - INFO - MongoDB connection established successfully
2026-01-03 16:25:58 - database - INFO - MongoDB connection established successfully
2026-01-03 16:25:58 - database - INFO - Latest forecast date for org 6922ae4a3dae846e73b5a839: 2025-12-21 07:40:16.674000
2026-01-03 16:25:58 - database - INFO - Retrieved 14 forecast records for organisation 6922ae4a3dae846e73b5a839
2026-01-03 16:25:58 - api - INFO - Retrieved 14 forecast records
2026-01-03 16:25:58 - api - INFO - Grouped into 2 blood groups
2026-01-03 16:25:58 - database - INFO - MongoDB connection closed
2026-02-12 18:02:28 - database - INFO - MongoDB connection established successfully
2026-02-12 18:02:28 - database - INFO - MongoDB connection established successfully
2026-02-12 18:02:28 - database - INFO - Latest forecast date for org 6922ae4a3dae846e73b5a839: 2025-12-21 07:40:16.674000
2026-02-12 18:02:28 - database - INFO - Retrieved 14 forecast records for organisation 6922ae4a3dae846e73b5a839
2026-02-12 18:02:28 - api - INFO - Retrieved 14 forecast records
2026-02-12 18:02:28 - api - INFO - Grouped into 2 blood groups
2026-02-12 18:02:28 - database - INFO - MongoDB connection closed
2026-02-12 18:02:34 - database - INFO - MongoDB connection established successfully
2026-02-12 18:02:34 - database - INFO - MongoDB connection established successfully
2026-02-12 18:02:34 - database - INFO - Latest forecast date for org 6922ae4a3dae846e73b5a839: 2025-12-21 07:40:16.674000
2026-02-12 18:02:34 - database - INFO - Retrieved 14 forecast records for organisation 6922ae4a3dae846e73b5a839
2026-02-12 18:02:34 - api - INFO - Retrieved 14 forecast records
2026-02-12 18:02:34 - api - INFO - Grouped into 2 blood groups
2026-02-12 18:02:34 - database - INFO - MongoDB connection closed
2026-02-13 10:17:01 - database - INFO - MongoDB connection established successfully
2026-02-13 10:17:01 - database - INFO - MongoDB connection established successfully
2026-02-13 10:17:01 - database - INFO - MongoDB connection established successfully
2026-02-13 10:17:01 - database - INFO - Latest forecast date for org 6922ae4a3dae846e73b5a839: 2025-12-21 07:40:16.674000
2026-02-13 10:17:02 - database - INFO - Latest forecast date for org 6922ae4a3dae846e73b5a839: 2025-12-21 07:40:16.674000
2026-02-13 10:17:02 - database - INFO - Retrieved 14 forecast records for organisation 6922ae4a3dae846e73b5a839
2026-02-13 10:17:02 - api - INFO - Retrieved 14 forecast records
2026-02-13 10:17:02 - api - INFO - Grouped into 2 blood groups
2026-02-13 10:17:02 - database - INFO - Retrieved 14 forecast records for organisation 6922ae4a3dae846e73b5a839
2026-02-13 10:17:02 - api - INFO - Retrieved 14 forecast records
2026-02-13 10:17:02 - api - INFO - Grouped into 2 blood groups
2026-02-13 10:17:02 - database - INFO - MongoDB connection closed
2026-02-13 10:17:02 - database - INFO - MongoDB connection closed
2026-02-13 10:17:07 - database - INFO - MongoDB connection established successfully
2026-02-13 10:17:07 - forecast_engine - INFO - Starting forecast pipeline for organisation 6922ae4a3dae846e73b5a839
2026-02-13 10:17:07 - forecast_engine - INFO - Step 1: Extracting historical data from MongoDB...
2026-02-13 10:17:08 - database - INFO - MongoDB connection established successfully
2026-02-13 10:17:08 - database - INFO - Fetching blood issue data for organisation 6922ae4a3dae846e73b5a839 from 2025-08-17 04:32:08.507704 to 2026-02-13 04:32:08.507704
2026-02-13 10:17:08 - database - WARNING - No blood issue data found for organisation 6922ae4a3dae846e73b5a839
2026-02-13 10:17:08 - forecast_engine - WARNING - No data found for organisation 6922ae4a3dae846e73b5a839 - will use placeholder forecast
2026-02-13 10:17:08 - forecast_engine - INFO - Generating placeholder forecasts for 6922ae4a3dae846e73b5a839
2026-02-13 10:17:08 - database - INFO - MongoDB connection closed
2026-02-13 10:17:19 - database - INFO - MongoDB connection established successfully
2026-02-13 10:17:20 - database - INFO - MongoDB connection established successfully
2026-02-13 10:17:20 - database - INFO - Latest forecast date for org 6922ae4a3dae846e73b5a839: 2025-12-21 07:40:16.674000
2026-02-13 10:17:20 - database - INFO - Retrieved 14 forecast records for organisation 6922ae4a3dae846e73b5a839
2026-02-13 10:17:20 - api - INFO - Retrieved 14 forecast records
2026-02-13 10:17:20 - api - INFO - Grouped into 2 blood groups
2026-02-13 10:17:20 - database - INFO - MongoDB connection closed
2026-02-13 15:20:41 - database - INFO - MongoDB connection established successfully
2026-02-13 15:20:41 - database - INFO - MongoDB connection established successfully
2026-02-13 15:20:41 - database - INFO - Latest forecast date for org 6922ae4a3dae846e73b5a839: 2025-12-21 07:40:16.674000
2026-02-13 15:20:41 - database - INFO - Retrieved 14 forecast records for organisation 6922ae4a3dae846e73b5a839
2026-02-13 15:20:41 - api - INFO - Retrieved 14 forecast records
2026-02-13 15:20:41 - api - INFO - Grouped into 2 blood groups
2026-02-13 15:20:41 - database - INFO - MongoDB connection closed
2026-02-13 15:20:46 - database - INFO - MongoDB connection established successfully
2026-02-13 15:20:46 - database - INFO - MongoDB connection established successfully
2026-02-13 15:20:46 - database - INFO - Latest forecast date for org 6922ae4a3dae846e73b5a839: 2025-12-21 07:40:16.674000
2026-02-13 15:20:46 - database - INFO - Retrieved 14 forecast records for organisation 6922ae4a3dae846e73b5a839
2026-02-13 15:20:46 - api - INFO - Retrieved 14 forecast records
2026-02-13 15:20:46 - api - INFO - Grouped into 2 blood groups
2026-02-13 15:20:47 - database - INFO - MongoDB connection closed
2026-02-13 18:26:48 - database - INFO - MongoDB connection established successfully
2026-02-13 18:26:48 - database - INFO - MongoDB connection established successfully
2026-02-13 18:26:48 - database - INFO - Latest forecast date for org 6922ae4a3dae846e73b5a839: 2025-12-21 07:40:16.674000
2026-02-13 18:26:48 - database - INFO - Retrieved 14 forecast records for organisation 6922ae4a3dae846e73b5a839
2026-02-13 18:26:48 - api - INFO - Retrieved 14 forecast records
2026-02-13 18:26:48 - api - INFO - Grouped into 2 blood groups
2026-02-13 18:26:49 - database - INFO - MongoDB connection closed
2026-02-13 18:26:58 - database - INFO - MongoDB connection established successfully
2026-02-13 18:26:59 - database - INFO - MongoDB connection established successfully
2026-02-13 18:26:59 - database - INFO - Latest forecast date for org 6922ae4a3dae846e73b5a839: 2025-12-21 07:40:16.674000
2026-02-13 18:26:59 - database - INFO - Retrieved 14 forecast records for organisation 6922ae4a3dae846e73b5a839
2026-02-13 18:26:59 - api - INFO - Retrieved 14 forecast records
2026-02-13 18:26:59 - api - INFO - Grouped into 2 blood groups
2026-02-13 18:26:59 - database - INFO - MongoDB connection closed
2026-02-13 18:27:39 - database - INFO - MongoDB connection established successfully
2026-02-13 18:27:40 - database - INFO - MongoDB connection established successfully
2026-02-13 18:27:40 - database - INFO - Latest forecast date for org 6922ae4a3dae846e73b5a839: 2025-12-21 07:40:16.674000
2026-02-13 18:27:40 - database - INFO - Retrieved 14 forecast records for organisation 6922ae4a3dae846e73b5a839
2026-02-13 18:27:40 - api - INFO - Retrieved 14 forecast records
2026-02-13 18:27:40 - api - INFO - Grouped into 2 blood groups
2026-02-13 18:27:40 - database - INFO - MongoDB connection closed
2026-02-13 18:27:48 - database - INFO - MongoDB connection established successfully
2026-02-13 18:27:49 - database - INFO - MongoDB connection established successfully
2026-02-13 18:27:49 - database - INFO - Latest forecast date for org 6922ae4a3dae846e73b5a839: 2025-12-21 07:40:16.674000
2026-02-13 18:27:49 - database - INFO - Retrieved 14 forecast records for organisation 6922ae4a3dae846e73b5a839
2026-02-13 18:27:49 - api - INFO - Retrieved 14 forecast records
2026-02-13 18:27:49 - api - INFO - Grouped into 2 blood groups
2026-02-13 18:27:49 - database - INFO - MongoDB connection closed
2026-02-13 18:27:55 - database - INFO - MongoDB connection established successfully
2026-02-13 18:27:55 - forecast_engine - INFO - Starting forecast pipeline for organisation 6922ae4a3dae846e73b5a839
2026-02-13 18:27:55 - forecast_engine - INFO - Step 1: Extracting historical data from MongoDB...
2026-02-13 18:27:56 - database - INFO - MongoDB connection established successfully
2026-02-13 18:27:56 - database - INFO - Fetching blood issue data for organisation 6922ae4a3dae846e73b5a839 from 2025-08-17 12:42:56.622956 to 2026-02-13 12:42:56.622956
2026-02-13 18:27:56 - database - WARNING - No blood issue data found for organisation 6922ae4a3dae846e73b5a839
2026-02-13 18:27:56 - forecast_engine - WARNING - No data found for organisation 6922ae4a3dae846e73b5a839 - will use placeholder forecast
2026-02-13 18:27:56 - forecast_engine - INFO - Generating placeholder forecasts for 6922ae4a3dae846e73b5a839
2026-02-13 18:27:56 - database - INFO - MongoDB connection closed
2026-02-13 18:28:05 - database - INFO - MongoDB connection established successfully
2026-02-13 18:28:06 - database - INFO - MongoDB connection established successfully
2026-02-13 18:28:06 - database - INFO - Latest forecast date for org 6922ae4a3dae846e73b5a839: 2025-12-21 07:40:16.674000
2026-02-13 18:28:06 - database - INFO - Retrieved 14 forecast records for organisation 6922ae4a3dae846e73b5a839
2026-02-13 18:28:06 - api - INFO - Retrieved 14 forecast records
2026-02-13 18:28:06 - api - INFO - Grouped into 2 blood groups
2026-02-13 18:28:06 - database - INFO - MongoDB connection closed
2026-02-13 18:37:54 - database - INFO - MongoDB connection established successfully
2026-02-13 18:37:55 - database - INFO - MongoDB connection established successfully
2026-02-13 18:37:55 - database - INFO - Latest forecast date for org 6922ae4a3dae846e73b5a839: 2025-12-21 07:40:16.674000
2026-02-13 18:37:55 - database - INFO - Retrieved 14 forecast records for organisation 6922ae4a3dae846e73b5a839
2026-02-13 18:37:55 - api - INFO - Retrieved 14 forecast records
2026-02-13 18:37:55 - api - INFO - Grouped into 2 blood groups
2026-02-13 18:37:55 - database - INFO - MongoDB connection closed
2026-02-13 18:38:03 - database - INFO - MongoDB connection established successfully
2026-02-13 18:38:03 - database - INFO - MongoDB connection established successfully
2026-02-13 18:38:04 - database - INFO - Latest forecast date for org 6922ae4a3dae846e73b5a839: 2025-12-21 07:40:16.674000
2026-02-13 18:38:04 - database - INFO - Retrieved 14 forecast records for organisation 6922ae4a3dae846e73b5a839
2026-02-13 18:38:04 - api - INFO - Retrieved 14 forecast records
2026-02-13 18:38:04 - api - INFO - Grouped into 2 blood groups
2026-02-13 18:38:04 - database - INFO - MongoDB connection closed
2026-02-13 18:38:15 - database - INFO - MongoDB connection established successfully
2026-02-13 18:38:15 - forecast_engine - INFO - Starting forecast pipeline for organisation 6922ae4a3dae846e73b5a839
2026-02-13 18:38:15 - forecast_engine - INFO - Step 1: Extracting historical data from MongoDB...
2026-02-13 18:38:16 - database - INFO - MongoDB connection established successfully
2026-02-13 18:38:16 - database - INFO - Fetching blood issue data for organisation 6922ae4a3dae846e73b5a839 from 2025-08-17 12:53:16.102974 to 2026-02-13 12:53:16.102974
2026-02-13 18:38:16 - database - WARNING - No blood issue data found for organisation 6922ae4a3dae846e73b5a839
2026-02-13 18:38:16 - forecast_engine - WARNING - No data found for organisation 6922ae4a3dae846e73b5a839 - will use placeholder forecast
2026-02-13 18:38:16 - forecast_engine - INFO - Generating placeholder forecasts for 6922ae4a3dae846e73b5a839
2026-02-13 18:38:16 - database - INFO - Saving 56 forecast records for organisation 6922ae4a3dae846e73b5a839
2026-02-13 18:38:16 - database - INFO - Successfully saved 56 forecast records for organisation 6922ae4a3dae846e73b5a839
2026-02-13 18:38:16 - database - INFO - MongoDB connection closed
2026-02-13 18:38:25 - database - INFO - MongoDB connection established successfully
2026-02-13 18:38:25 - database - INFO - MongoDB connection established successfully
2026-02-13 18:38:25 - database - INFO - Latest forecast date for org 6922ae4a3dae846e73b5a839: 2026-02-13 12:53:16.181000
2026-02-13 18:38:26 - database - INFO - Retrieved 56 forecast records for organisation 6922ae4a3dae846e73b5a839
2026-02-13 18:38:26 - api - INFO - Retrieved 56 forecast records
2026-02-13 18:38:26 - api - INFO - Grouped into 8 blood groups
2026-02-13 18:38:26 - database - INFO - MongoDB connection closed
2026-02-13 18:42:16 - database - INFO - MongoDB connection established successfully
2026-02-13 18:42:17 - database - INFO - MongoDB connection established successfully
2026-02-13 18:42:17 - database - INFO - Latest forecast date for org 6922ae4a3dae846e73b5a839: 2026-02-13 12:53:16.181000
2026-02-13 18:42:17 - database - INFO - Retrieved 56 forecast records for organisation 6922ae4a3dae846e73b5a839
2026-02-13 18:42:17 - api - INFO - Retrieved 56 forecast records
2026-02-13 18:42:17 - api - INFO - Grouped into 8 blood groups
2026-02-13 18:42:17 - database - INFO - MongoDB connection closed
2026-02-13 18:42:25 - database - INFO - MongoDB connection established successfully
2026-02-13 18:42:26 - database - INFO - MongoDB connection established successfully
2026-02-13 18:42:26 - database - INFO - Latest forecast date for org 6922ae4a3dae846e73b5a839: 2026-02-13 12:53:16.181000
2026-02-13 18:42:26 - database - INFO - Retrieved 56 forecast records for organisation 6922ae4a3dae846e73b5a839
2026-02-13 18:42:26 - api - INFO - Retrieved 56 forecast records
2026-02-13 18:42:26 - api - INFO - Grouped into 8 blood groups
2026-02-13 18:42:26 - database - INFO - MongoDB connection closed
2026-02-13 18:51:19 - database - INFO - MongoDB connection established successfully
2026-02-13 18:51:20 - database - INFO - MongoDB connection established successfully
2026-02-13 18:51:20 - database - INFO - Latest forecast date for org 6922ae4a3dae846e73b5a839: 2026-02-13 12:53:16.181000
2026-02-13 18:51:20 - database - INFO - Retrieved 56 forecast records for organisation 6922ae4a3dae846e73b5a839
2026-02-13 18:51:20 - api - INFO - Retrieved 56 forecast records
2026-02-13 18:51:20 - api - INFO - Grouped into 8 blood groups
2026-02-13 18:51:20 - database - INFO - MongoDB connection closed
2026-02-13 18:51:29 - database - INFO - MongoDB connection established successfully
2026-02-13 18:51:30 - database - INFO - MongoDB connection established successfully
2026-02-13 18:51:30 - database - INFO - Latest forecast date for org 6922ae4a3dae846e73b5a839: 2026-02-13 12:53:16.181000
2026-02-13 18:51:30 - database - INFO - Retrieved 56 forecast records for organisation 6922ae4a3dae846e73b5a839
2026-02-13 18:51:30 - api - INFO - Retrieved 56 forecast records
2026-02-13 18:51:30 - api - INFO - Grouped into 8 blood groups
2026-02-13 18:51:30 - database - INFO - MongoDB connection closed
2026-02-13 18:51:41 - database - INFO - MongoDB connection established successfully
2026-02-13 18:51:41 - forecast_engine - INFO - Starting DEMAND-BASED forecast pipeline for organisation 6922ae4a3dae846e73b5a839
2026-02-13 18:51:41 - forecast_engine - INFO - Step 1: Calculating demand ratios from inventory totalIn/totalOut...
2026-02-13 18:51:42 - database - INFO - MongoDB connection established successfully
2026-02-13 18:51:42 - database - INFO - Calculating blood demand ratios for organisation 6922ae4a3dae846e73b5a839
2026-02-13 18:51:42 - database - WARNING - No inventory data found for organisation 6922ae4a3dae846e73b5a839
2026-02-13 18:51:42 - forecast_engine - INFO - Demand ratios calculated for 8 blood groups
2026-02-13 18:51:42 - forecast_engine - INFO - Demand ranking: [{'blood_group': 'A+', 'total_out': 0, 'total_in': 0, 'demand_ratio': 0.0}, {'blood_group': 'A-', 'total_out': 0, 'total_in': 0, 'demand_ratio': 0.0}, {'blood_group': 'B+', 'total_out': 0, 'total_in': 0, 'demand_ratio': 0.0}, {'blood_group': 'B-', 'total_out': 0, 'total_in': 0, 'demand_ratio': 0.0}, {'blood_group': 'O+', 'total_out': 0, 'total_in': 0, 'demand_ratio': 0.0}, {'blood_group': 'O-', 'total_out': 0, 'total_in': 0, 'demand_ratio': 0.0}, {'blood_group': 'AB+', 'total_out': 0, 'total_in': 0, 'demand_ratio': 0.0}, {'blood_group': 'AB-', 'total_out': 0, 'total_in': 0, 'demand_ratio': 0.0}]
2026-02-13 18:51:42 - forecast_engine - INFO - Step 2: Generating demand-based forecasts...
2026-02-13 18:51:42 - forecast_engine - INFO - A+: out=0, in=0, ratio=0.000, forecast=10 units/day
2026-02-13 18:51:42 - forecast_engine - INFO - A-: out=0, in=0, ratio=0.000, forecast=10 units/day
2026-02-13 18:51:42 - forecast_engine - INFO - B+: out=0, in=0, ratio=0.000, forecast=10 units/day
2026-02-13 18:51:42 - forecast_engine - INFO - B-: out=0, in=0, ratio=0.000, forecast=10 units/day
2026-02-13 18:51:42 - forecast_engine - INFO - O+: out=0, in=0, ratio=0.000, forecast=10 units/day
2026-02-13 18:51:42 - forecast_engine - INFO - O-: out=0, in=0, ratio=0.000, forecast=10 units/day
2026-02-13 18:51:42 - forecast_engine - INFO - AB+: out=0, in=0, ratio=0.000, forecast=10 units/day
2026-02-13 18:51:42 - forecast_engine - INFO - AB-: out=0, in=0, ratio=0.000, forecast=10 units/day
2026-02-13 18:51:42 - database - INFO - Saving 56 forecast records for organisation 6922ae4a3dae846e73b5a839
2026-02-13 18:51:42 - database - INFO - Successfully saved 56 forecast records for organisation 6922ae4a3dae846e73b5a839
2026-02-13 18:51:42 - forecast_engine - INFO - Saved 56 forecast records to database
2026-02-13 18:51:42 - forecast_engine - INFO - Demand-based forecast completed: 56 records generated
2026-02-13 18:51:42 - database - INFO - MongoDB connection closed
2026-02-13 18:51:52 - database - INFO - MongoDB connection established successfully
2026-02-13 18:51:53 - database - INFO - MongoDB connection established successfully
2026-02-13 18:51:53 - database - INFO - Latest forecast date for org 6922ae4a3dae846e73b5a839: 2026-02-13 13:06:42.484000
2026-02-13 18:51:53 - database - INFO - Retrieved 56 forecast records for organisation 6922ae4a3dae846e73b5a839
2026-02-13 18:51:53 - api - INFO - Retrieved 56 forecast records
2026-02-13 18:51:53 - api - INFO - Grouped into 8 blood groups
2026-02-13 18:51:53 - database - INFO - MongoDB connection closed
2026-02-13 18:59:12 - database - INFO - MongoDB connection established successfully
2026-02-13 18:59:12 - database - INFO - MongoDB connection established successfully
2026-02-13 18:59:12 - database - INFO - Latest forecast date for org 6922ae4a3dae846e73b5a839: 2026-02-13 13:06:42.484000
2026-02-13 18:59:12 - database - INFO - Retrieved 56 forecast records for organisation 6922ae4a3dae846e73b5a839
2026-02-13 18:59:12 - api - INFO - Retrieved 56 forecast records
2026-02-13 18:59:12 - api - INFO - Grouped into 8 blood groups
2026-02-13 18:59:12 - database - INFO - MongoDB connection closed
2026-02-13 18:59:21 - database - INFO - MongoDB connection established successfully
2026-02-13 18:59:22 - database - INFO - MongoDB connection established successfully
2026-02-13 18:59:22 - database - INFO - Latest forecast date for org 6922ae4a3dae846e73b5a839: 2026-02-13 13:06:42.484000
2026-02-13 18:59:22 - database - INFO - Retrieved 56 forecast records for organisation 6922ae4a3dae846e73b5a839
2026-02-13 18:59:22 - api - INFO - Retrieved 56 forecast records
2026-02-13 18:59:22 - api - INFO - Grouped into 8 blood groups
2026-02-13 18:59:22 - database - INFO - MongoDB connection closed
2026-02-13 18:59:23 - database - INFO - MongoDB connection established successfully
2026-02-13 18:59:23 - forecast_engine - INFO - Starting DEMAND-BASED forecast pipeline for organisation 6922ae4a3dae846e73b5a839
2026-02-13 18:59:23 - forecast_engine - INFO - Step 1: Calculating demand ratios from inventory totalIn/totalOut...
2026-02-13 18:59:24 - database - INFO - MongoDB connection established successfully
2026-02-13 18:59:24 - database - INFO - Calculating blood demand ratios for organisation 6922ae4a3dae846e73b5a839
2026-02-13 18:59:24 - database - INFO - Demand ratios calculated: [{'blood_group': 'A-', 'total_in': 0, 'total_out': 35759, 'demand_ratio': 35759.0}, {'blood_group': 'AB-', 'total_in': 0, 'total_out': 28866, 'demand_ratio': 28866.0}, {'blood_group': 'B-', 'total_in': 0, 'total_out': 20643, 'demand_ratio': 20643.0}, {'blood_group': 'AB+', 'total_in': 20, 'total_out': 30598, 'demand_ratio': 1457.047619047619}, {'blood_group': 'O-', 'total_in': 40, 'total_out': 32352, 'demand_ratio': 789.0731707317074}, {'blood_group': 'B+', 'total_in': 40000, 'total_out': 39025, 'demand_ratio': 0.9756006099847504}, {'blood_group': 'A+', 'total_in': 39115, 'total_out': 35370, 'demand_ratio': 0.9042335617138767}, {'blood_group': 'O+', 'total_in': 40000, 'total_out': 31009, 'demand_ratio': 0.7752056198595035}]
2026-02-13 18:59:24 - forecast_engine - INFO - Demand ratios calculated for 8 blood groups
2026-02-13 18:59:24 - forecast_engine - INFO - Demand ranking: [{'blood_group': 'A-', 'total_out': 35759, 'total_in': 0, 'demand_ratio': 35759.0}, {'blood_group': 'AB-', 'total_out': 28866, 'total_in': 0, 'demand_ratio': 28866.0}, {'blood_group': 'B-', 'total_out': 20643, 'total_in': 0, 'demand_ratio': 20643.0}, {'blood_group': 'AB+', 'total_out': 30598, 'total_in': 20, 'demand_ratio': 1457.047619047619}, {'blood_group': 'O-', 'total_out': 32352, 'total_in': 40, 'demand_ratio': 789.0731707317074}, {'blood_group': 'B+', 'total_out': 39025, 'total_in': 40000, 'demand_ratio': 0.9756006099847504}, {'blood_group': 'A+', 'total_out': 35370, 'total_in': 39115, 'demand_ratio': 0.9042335617138767}, {'blood_group': 'O+', 'total_out': 31009, 'total_in': 40000, 'demand_ratio': 0.7752056198595035}]
2026-02-13 18:59:24 - forecast_engine - INFO - Step 2: Generating demand-based forecasts...
2026-02-13 18:59:24 - forecast_engine - INFO - A-: out=35759, in=0, ratio=35759.000, forecast=476 units/day
2026-02-13 18:59:24 - forecast_engine - INFO - AB-: out=28866, in=0, ratio=28866.000, forecast=384 units/day
2026-02-13 18:59:24 - forecast_engine - INFO - B-: out=20643, in=0, ratio=20643.000, forecast=275 units/day
2026-02-13 18:59:24 - forecast_engine - INFO - AB+: out=30598, in=20, ratio=1457.048, forecast=407 units/day
2026-02-13 18:59:24 - forecast_engine - INFO - O-: out=32352, in=40, ratio=789.073, forecast=431 units/day
2026-02-13 18:59:24 - forecast_engine - INFO - B+: out=39025, in=40000, ratio=0.976, forecast=520 units/day
2026-02-13 18:59:24 - forecast_engine - INFO - A+: out=35370, in=39115, ratio=0.904, forecast=471 units/day
2026-02-13 18:59:24 - forecast_engine - INFO - O+: out=31009, in=40000, ratio=0.775, forecast=413 units/day
2026-02-13 18:59:24 - database - INFO - Saving 56 forecast records for organisation 6922ae4a3dae846e73b5a839
2026-02-13 18:59:24 - database - INFO - Successfully saved 56 forecast records for organisation 6922ae4a3dae846e73b5a839
2026-02-13 18:59:24 - forecast_engine - INFO - Saved 56 forecast records to database
2026-02-13 18:59:24 - forecast_engine - INFO - Demand-based forecast completed: 56 records generated
2026-02-13 18:59:24 - database - INFO - MongoDB connection closed
2026-02-13 18:59:34 - database - INFO - MongoDB connection established successfully
2026-02-13 18:59:35 - database - INFO - MongoDB connection established successfully
2026-02-13 18:59:35 - database - INFO - Latest forecast date for org 6922ae4a3dae846e73b5a839: 2026-02-13 13:14:24.623000
2026-02-13 18:59:35 - database - INFO - Retrieved 56 forecast records for organisation 6922ae4a3dae846e73b5a839
2026-02-13 18:59:35 - api - INFO - Retrieved 56 forecast records
2026-02-13 18:59:35 - api - INFO - Grouped into 8 blood groups
2026-02-13 18:59:35 - database - INFO - MongoDB connection closed
2026-02-13 19:01:26 - database - INFO - MongoDB connection established successfully
2026-02-13 19:01:27 - database - INFO - MongoDB connection established successfully
2026-02-13 19:01:27 - database - INFO - Latest forecast date for org 6922ae4a3dae846e73b5a839: 2026-02-13 13:14:24.623000
2026-02-13 19:01:27 - database - INFO - Retrieved 56 forecast records for organisation 6922ae4a3dae846e73b5a839
2026-02-13 19:01:27 - api - INFO - Retrieved 56 forecast records
2026-02-13 19:01:27 - api - INFO - Grouped into 8 blood groups
2026-02-13 19:01:27 - database - INFO - MongoDB connection closed
2026-02-13 19:01:35 - database - INFO - MongoDB connection established successfully
2026-02-13 19:01:36 - database - INFO - MongoDB connection established successfully
2026-02-13 19:01:36 - database - INFO - Latest forecast date for org 6922ae4a3dae846e73b5a839: 2026-02-13 13:14:24.623000
2026-02-13 19:01:36 - database - INFO - Retrieved 56 forecast records for organisation 6922ae4a3dae846e73b5a839
2026-02-13 19:01:36 - api - INFO - Retrieved 56 forecast records
2026-02-13 19:01:36 - api - INFO - Grouped into 8 blood groups
2026-02-13 19:01:36 - database - INFO - MongoDB connection closed
2026-02-13 19:04:03 - database - INFO - MongoDB connection established successfully
2026-02-13 19:04:03 - database - INFO - Calculating blood demand ratios for organisation 6922ae4a3dae846e73b5a839
2026-02-13 19:04:03 - database - INFO - Demand ratios calculated: [{'blood_group': 'A-', 'total_in': 0, 'total_out': 35759, 'demand_ratio': 35759.0}, {'blood_group': 'AB-', 'total_in': 0, 'total_out': 28866, 'demand_ratio': 28866.0}, {'blood_group': 'B-', 'total_in': 0, 'total_out': 20643, 'demand_ratio': 20643.0}, {'blood_group': 'AB+', 'total_in': 20, 'total_out': 30598, 'demand_ratio': 1457.047619047619}, {'blood_group': 'O-', 'total_in': 40, 'total_out': 32352, 'demand_ratio': 789.0731707317074}, {'blood_group': 'B+', 'total_in': 40000, 'total_out': 39025, 'demand_ratio': 0.9756006099847504}, {'blood_group': 'A+', 'total_in': 39115, 'total_out': 35370, 'demand_ratio': 0.9042335617138767}, {'blood_group': 'O+', 'total_in': 40000, 'total_out': 31009, 'demand_ratio': 0.7752056198595035}]
2026-02-13 19:04:03 - database - INFO - MongoDB connection closed
2026-02-13 19:09:16 - database - INFO - MongoDB connection established successfully
2026-02-13 19:09:16 - forecast_engine - INFO - Starting DEMAND-BASED forecast pipeline for organisation 6922ae4a3dae846e73b5a839
2026-02-13 19:09:16 - forecast_engine - INFO - Step 1: Calculating demand ratios from inventory totalIn/totalOut...
2026-02-13 19:09:17 - database - INFO - MongoDB connection established successfully
2026-02-13 19:09:17 - database - INFO - Calculating blood demand ratios for organisation 6922ae4a3dae846e73b5a839
2026-02-13 19:09:17 - database - INFO - Demand ratios calculated: [{'blood_group': 'A-', 'total_in': 0, 'total_out': 35759, 'demand_ratio': 35759.0}, {'blood_group': 'AB-', 'total_in': 0, 'total_out': 28866, 'demand_ratio': 28866.0}, {'blood_group': 'B-', 'total_in': 0, 'total_out': 20643, 'demand_ratio': 20643.0}, {'blood_group': 'AB+', 'total_in': 20, 'total_out': 30598, 'demand_ratio': 1457.047619047619}, {'blood_group': 'O-', 'total_in': 40, 'total_out': 32352, 'demand_ratio': 789.0731707317074}, {'blood_group': 'B+', 'total_in': 40000, 'total_out': 39025, 'demand_ratio': 0.9756006099847504}, {'blood_group': 'A+', 'total_in': 39115, 'total_out': 35370, 'demand_ratio': 0.9042335617138767}, {'blood_group': 'O+', 'total_in': 40000, 'total_out': 31009, 'demand_ratio': 0.7752056198595035}]
2026-02-13 19:09:17 - forecast_engine - INFO - Demand ratios calculated for 8 blood groups
2026-02-13 19:09:17 - forecast_engine - INFO - Demand ranking: [{'blood_group': 'A-', 'total_out': 35759, 'total_in': 0, 'demand_ratio': 35759.0}, {'blood_group': 'AB-', 'total_out': 28866, 'total_in': 0, 'demand_ratio': 28866.0}, {'blood_group': 'B-', 'total_out': 20643, 'total_in': 0, 'demand_ratio': 20643.0}, {'blood_group': 'AB+', 'total_out': 30598, 'total_in': 20, 'demand_ratio': 1457.047619047619}, {'blood_group': 'O-', 'total_out': 32352, 'total_in': 40, 'demand_ratio': 789.0731707317074}, {'blood_group': 'B+', 'total_out': 39025, 'total_in': 40000, 'demand_ratio': 0.9756006099847504}, {'blood_group': 'A+', 'total_out': 35370, 'total_in': 39115, 'demand_ratio': 0.9042335617138767}, {'blood_group': 'O+', 'total_out': 31009, 'total_in': 40000, 'demand_ratio': 0.7752056198595035}]
2026-02-13 19:09:17 - forecast_engine - INFO - Step 2: Generating demand-based forecasts...
2026-02-13 19:09:17 - forecast_engine - INFO - A-: out=35759, in=0, ratio=35759.000, forecast=476 units/day
2026-02-13 19:09:17 - forecast_engine - INFO - AB-: out=28866, in=0, ratio=28866.000, forecast=384 units/day
2026-02-13 19:09:17 - forecast_engine - INFO - B-: out=20643, in=0, ratio=20643.000, forecast=275 units/day
2026-02-13 19:09:17 - forecast_engine - INFO - AB+: out=30598, in=20, ratio=1457.048, forecast=407 units/day
2026-02-13 19:09:17 - forecast_engine - INFO - O-: out=32352, in=40, ratio=789.073, forecast=431 units/day
2026-02-13 19:09:17 - forecast_engine - INFO - B+: out=39025, in=40000, ratio=0.976, forecast=520 units/day
2026-02-13 19:09:17 - forecast_engine - INFO - A+: out=35370, in=39115, ratio=0.904, forecast=471 units/day
2026-02-13 19:09:17 - forecast_engine - INFO - O+: out=31009, in=40000, ratio=0.775, forecast=413 units/day
2026-02-13 19:09:17 - database - INFO - Saving 56 forecast records for organisation 6922ae4a3dae846e73b5a839
2026-02-13 19:09:17 - database - INFO - Successfully saved 56 forecast records for organisation 6922ae4a3dae846e73b5a839
2026-02-13 19:09:17 - forecast_engine - INFO - Saved 56 forecast records to database
2026-02-13 19:09:17 - forecast_engine - INFO - Demand-based forecast completed: 56 records generated
2026-02-13 19:09:17 - database - INFO - MongoDB connection closed
2026-02-13 19:15:11 - database - INFO - MongoDB connection established successfully
2026-02-13 19:15:11 - database - INFO - MongoDB connection established successfully
2026-02-13 19:15:11 - database - INFO - Latest forecast date for org 6922ae4a3dae846e73b5a839: 2026-02-13 13:24:17.215000
2026-02-13 19:15:11 - database - INFO - Retrieved 56 forecast records for organisation 6922ae4a3dae846e73b5a839
2026-02-13 19:15:11 - api - INFO - Retrieved 56 forecast records
2026-02-13 19:15:11 - api - INFO - Grouped into 8 blood groups
2026-02-13 19:15:11 - database - INFO - MongoDB connection closed
2026-02-13 19:15:16 - database - INFO - MongoDB connection established successfully
2026-02-13 19:15:17 - database - INFO - MongoDB connection established successfully
2026-02-13 19:15:17 - database - INFO - Latest forecast date for org 6922ae4a3dae846e73b5a839: 2026-02-13 13:24:17.215000
2026-02-13 19:15:17 - database - INFO - Retrieved 56 forecast records for organisation 6922ae4a3dae846e73b5a839
2026-02-13 19:15:17 - api - INFO - Retrieved 56 forecast records
2026-02-13 19:15:17 - api - INFO - Grouped into 8 blood groups
2026-02-13 19:15:17 - database - INFO - MongoDB connection closed
2026-02-13 19:24:06 - database - INFO - MongoDB connection established successfully
2026-02-13 19:24:06 - database - INFO - MongoDB connection established successfully
2026-02-13 19:24:06 - database - INFO - Latest forecast date for org 6922ae4a3dae846e73b5a839: 2026-02-13 13:24:17.215000
2026-02-13 19:24:06 - database - INFO - Retrieved 56 forecast records for organisation 6922ae4a3dae846e73b5a839
2026-02-13 19:24:06 - api - INFO - Retrieved 56 forecast records
2026-02-13 19:24:06 - api - INFO - Grouped into 8 blood groups
2026-02-13 19:24:07 - database - INFO - MongoDB connection closed
2026-02-13 19:24:11 - database - INFO - MongoDB connection established successfully
2026-02-13 19:24:12 - database - INFO - MongoDB connection established successfully
2026-02-13 19:24:12 - database - INFO - Latest forecast date for org 6922ae4a3dae846e73b5a839: 2026-02-13 13:24:17.215000
2026-02-13 19:24:12 - database - INFO - Retrieved 56 forecast records for organisation 6922ae4a3dae846e73b5a839
2026-02-13 19:24:12 - api - INFO - Retrieved 56 forecast records
2026-02-13 19:24:12 - api - INFO - Grouped into 8 blood groups
2026-02-13 19:24:12 - database - INFO - MongoDB connection closed
2026-02-14 08:49:33 - database - INFO - MongoDB connection established successfully
2026-02-14 08:49:33 - database - INFO - MongoDB connection established successfully
2026-02-14 08:49:34 - database - INFO - MongoDB connection established successfully
2026-02-14 08:49:34 - database - INFO - MongoDB connection established successfully
2026-02-14 08:49:34 - database - INFO - Latest forecast date for org 6922ae4a3dae846e73b5a839: 2026-02-13 13:24:17.215000
2026-02-14 08:49:34 - database - INFO - Latest forecast date for org 6922ae4a3dae846e73b5a839: 2026-02-13 13:24:17.215000
2026-02-14 08:49:34 - database - INFO - Retrieved 56 forecast records for organisation 6922ae4a3dae846e73b5a839
2026-02-14 08:49:34 - api - INFO - Retrieved 56 forecast records
2026-02-14 08:49:34 - api - INFO - Grouped into 8 blood groups
2026-02-14 08:49:34 - database - INFO - Retrieved 56 forecast records for organisation 6922ae4a3dae846e73b5a839
2026-02-14 08:49:34 - api - INFO - Retrieved 56 forecast records
2026-02-14 08:49:34 - api - INFO - Grouped into 8 blood groups
2026-02-14 08:49:34 - database - INFO - MongoDB connection closed
2026-02-14 08:49:34 - database - INFO - MongoDB connection closed
2026-02-14 08:49:39 - database - INFO - MongoDB connection established successfully
2026-02-14 08:49:39 - forecast_engine - INFO - Starting DEMAND-BASED forecast pipeline for organisation 6922ae4a3dae846e73b5a839
2026-02-14 08:49:39 - forecast_engine - INFO - Step 1: Calculating demand ratios from inventory totalIn/totalOut...
2026-02-14 08:49:40 - database - INFO - MongoDB connection established successfully
2026-02-14 08:49:40 - database - INFO - Calculating blood demand ratios for organisation 6922ae4a3dae846e73b5a839
2026-02-14 08:49:40 - database - INFO - Demand ratios calculated: [{'blood_group': 'A-', 'total_in': 0, 'total_out': 35759, 'demand_ratio': 35759.0}, {'blood_group': 'AB-', 'total_in': 0, 'total_out': 28866, 'demand_ratio': 28866.0}, {'blood_group': 'B-', 'total_in': 0, 'total_out': 20643, 'demand_ratio': 20643.0}, {'blood_group': 'AB+', 'total_in': 20, 'total_out': 30598, 'demand_ratio': 1457.047619047619}, {'blood_group': 'O-', 'total_in': 40, 'total_out': 32352, 'demand_ratio': 789.0731707317074}, {'blood_group': 'B+', 'total_in': 40000, 'total_out': 39025, 'demand_ratio': 0.9756006099847504}, {'blood_group': 'A+', 'total_in': 39115, 'total_out': 35370, 'demand_ratio': 0.9042335617138767}, {'blood_group': 'O+', 'total_in': 40000, 'total_out': 31009, 'demand_ratio': 0.7752056198595035}]
2026-02-14 08:49:40 - forecast_engine - INFO - Demand ratios calculated for 8 blood groups
2026-02-14 08:49:40 - forecast_engine - INFO - Demand ranking: [{'blood_group': 'A-', 'total_out': 35759, 'total_in': 0, 'demand_ratio': 35759.0}, {'blood_group': 'AB-', 'total_out': 28866, 'total_in': 0, 'demand_ratio': 28866.0}, {'blood_group': 'B-', 'total_out': 20643, 'total_in': 0, 'demand_ratio': 20643.0}, {'blood_group': 'AB+', 'total_out': 30598, 'total_in': 20, 'demand_ratio': 1457.047619047619}, {'blood_group': 'O-', 'total_out': 32352, 'total_in': 40, 'demand_ratio': 789.0731707317074}, {'blood_group': 'B+', 'total_out': 39025, 'total_in': 40000, 'demand_ratio': 0.9756006099847504}, {'blood_group': 'A+', 'total_out': 35370, 'total_in': 39115, 'demand_ratio': 0.9042335617138767}, {'blood_group': 'O+', 'total_out': 31009, 'total_in': 40000, 'demand_ratio': 0.7752056198595035}]
2026-02-14 08:49:40 - forecast_engine - INFO - Step 2: Generating demand-based forecasts...
2026-02-14 08:49:40 - forecast_engine - INFO - A-: out=35759, in=0, ratio=35759.000, forecast=476 units/day
2026-02-14 08:49:40 - forecast_engine - INFO - AB-: out=28866, in=0, ratio=28866.000, forecast=384 units/day
2026-02-14 08:49:40 - forecast_engine - INFO - B-: out=20643, in=0, ratio=20643.000, forecast=275 units/day
2026-02-14 08:49:40 - forecast_engine - INFO - AB+: out=30598, in=20, ratio=1457.048, forecast=407 units/day
2026-02-14 08:49:40 - forecast_engine - INFO - O-: out=32352, in=40, ratio=789.073, forecast=431 units/day
2026-02-14 08:49:40 - forecast_engine - INFO - B+: out=39025, in=40000, ratio=0.976, forecast=520 units/day
2026-02-14 08:49:40 - forecast_engine - INFO - A+: out=35370, in=39115, ratio=0.904, forecast=471 units/day
2026-02-14 08:49:40 - forecast_engine - INFO - O+: out=31009, in=40000, ratio=0.775, forecast=413 units/day
2026-02-14 08:49:40 - database - INFO - Saving 56 forecast records for organisation 6922ae4a3dae846e73b5a839
2026-02-14 08:49:40 - database - INFO - Successfully saved 56 forecast records for organisation 6922ae4a3dae846e73b5a839
2026-02-14 08:49:40 - forecast_engine - INFO - Saved 56 forecast records to database
2026-02-14 08:49:40 - forecast_engine - INFO - Demand-based forecast completed: 56 records generated
2026-02-14 08:49:40 - database - INFO - MongoDB connection closed
2026-02-14 08:49:49 - database - INFO - MongoDB connection established successfully
2026-02-14 08:49:50 - database - INFO - MongoDB connection established successfully
2026-02-14 08:49:50 - database - INFO - Latest forecast date for org 6922ae4a3dae846e73b5a839: 2026-02-14 03:04:40.630000
2026-02-14 08:49:50 - database - INFO - Retrieved 56 forecast records for organisation 6922ae4a3dae846e73b5a839
2026-02-14 08:49:50 - api - INFO - Retrieved 56 forecast records
2026-02-14 08:49:50 - api - INFO - Grouped into 8 blood groups
2026-02-14 08:49:50 - database - INFO - MongoDB connection closed
2026-02-14 09:54:55 - database - INFO - MongoDB connection established successfully
2026-02-14 09:54:56 - database - INFO - MongoDB connection established successfully
2026-02-14 09:54:56 - database - INFO - Latest forecast date for org 6922ae4a3dae846e73b5a839: 2026-02-14 04:07:27.308000
2026-02-14 09:54:56 - database - INFO - Retrieved 56 forecast records for organisation 6922ae4a3dae846e73b5a839
2026-02-14 09:54:56 - api - INFO - Retrieved 56 forecast records
2026-02-14 09:54:56 - api - INFO - Grouped into 8 blood groups
2026-02-14 09:54:56 - database - INFO - MongoDB connection closed
2026-02-14 09:55:01 - database - INFO - MongoDB connection established successfully
2026-02-14 09:55:01 - database - INFO - MongoDB connection established successfully
2026-02-14 09:55:01 - database - INFO - Latest forecast date for org 6922ae4a3dae846e73b5a839: 2026-02-14 04:07:27.308000
2026-02-14 09:55:01 - database - INFO - Retrieved 56 forecast records for organisation 6922ae4a3dae846e73b5a839
2026-02-14 09:55:01 - api - INFO - Retrieved 56 forecast records
2026-02-14 09:55:01 - api - INFO - Grouped into 8 blood groups
2026-02-14 09:55:02 - database - INFO - MongoDB connection closed
2026-02-14 09:55:03 - database - INFO - MongoDB connection established successfully
2026-02-14 09:55:03 - forecast_engine - INFO - Starting DEMAND-BASED forecast pipeline for organisation 6922ae4a3dae846e73b5a839
2026-02-14 09:55:03 - forecast_engine - INFO - Step 1: Calculating demand ratios from inventory totalIn/totalOut...
2026-02-14 09:55:04 - database - INFO - MongoDB connection established successfully
2026-02-14 09:55:04 - database - INFO - Calculating blood demand ratios for organisation 6922ae4a3dae846e73b5a839
2026-02-14 09:55:04 - database - INFO - Demand ratios calculated: [{'blood_group': 'A-', 'total_in': 0, 'total_out': 35759, 'demand_ratio': 35759.0}, {'blood_group': 'AB-', 'total_in': 0, 'total_out': 28866, 'demand_ratio': 28866.0}, {'blood_group': 'B-', 'total_in': 0, 'total_out': 20643, 'demand_ratio': 20643.0}, {'blood_group': 'AB+', 'total_in': 20, 'total_out': 30598, 'demand_ratio': 1457.047619047619}, {'blood_group': 'O-', 'total_in': 40, 'total_out': 32352, 'demand_ratio': 789.0731707317074}, {'blood_group': 'B+', 'total_in': 40000, 'total_out': 39025, 'demand_ratio': 0.9756006099847504}, {'blood_group': 'A+', 'total_in': 39115, 'total_out': 35370, 'demand_ratio': 0.9042335617138767}, {'blood_group': 'O+', 'total_in': 40000, 'total_out': 31009, 'demand_ratio': 0.7752056198595035}]
2026-02-14 09:55:04 - forecast_engine - INFO - Demand ratios calculated for 8 blood groups
2026-02-14 09:55:04 - forecast_engine - INFO - Demand ranking: [{'blood_group': 'A-', 'total_out': 35759, 'total_in': 0, 'demand_ratio': 35759.0}, {'blood_group': 'AB-', 'total_out': 28866, 'total_in': 0, 'demand_ratio': 28866.0}, {'blood_group': 'B-', 'total_out': 20643, 'total_in': 0, 'demand_ratio': 20643.0}, {'blood_group': 'AB+', 'total_out': 30598, 'total_in': 20, 'demand_ratio': 1457.047619047619}, {'blood_group': 'O-', 'total_out': 32352, 'total_in': 40, 'demand_ratio': 789.0731707317074}, {'blood_group': 'B+', 'total_out': 39025, 'total_in': 40000, 'demand_ratio': 0.9756006099847504}, {'blood_group': 'A+', 'total_out': 35370, 'total_in': 39115, 'demand_ratio': 0.9042335617138767}, {'blood_group': 'O+', 'total_out': 31009, 'total_in': 40000, 'demand_ratio': 0.7752056198595035}]
2026-02-14 09:55:04 - forecast_engine - INFO - Step 2: Generating demand-based forecasts...
2026-02-14 09:55:04 - forecast_engine - INFO - A-: out=35759, in=0, ratio=35759.000, forecast=476 units/day
2026-02-14 09:55:04 - forecast_engine - INFO - AB-: out=28866, in=0, ratio=28866.000, forecast=384 units/day
2026-02-14 09:55:04 - forecast_engine - INFO - B-: out=20643, in=0, ratio=20643.000, forecast=275 units/day
2026-02-14 09:55:04 - forecast_engine - INFO - AB+: out=30598, in=20, ratio=1457.048, forecast=407 units/day
2026-02-14 09:55:04 - forecast_engine - INFO - O-: out=32352, in=40, ratio=789.073, forecast=431 units/day
2026-02-14 09:55:04 - forecast_engine - INFO - B+: out=39025, in=40000, ratio=0.976, forecast=520 units/day
2026-02-14 09:55:04 - forecast_engine - INFO - A+: out=35370, in=39115, ratio=0.904, forecast=471 units/day
2026-02-14 09:55:04 - forecast_engine - INFO - O+: out=31009, in=40000, ratio=0.775, forecast=413 units/day
2026-02-14 09:55:04 - database - INFO - Saving 56 forecast records for organisation 6922ae4a3dae846e73b5a839
2026-02-14 09:55:04 - database - INFO - Successfully saved 56 forecast records for organisation 6922ae4a3dae846e73b5a839
2026-02-14 09:55:04 - forecast_engine - INFO - Saved 56 forecast records to database
2026-02-14 09:55:04 - forecast_engine - INFO - Demand-based forecast completed: 56 records generated
2026-02-14 09:55:04 - database - INFO - MongoDB connection closed
2026-02-14 09:55:11 - database - INFO - MongoDB connection established successfully
2026-02-14 09:55:11 - database - INFO - MongoDB connection established successfully
2026-02-14 09:55:11 - database - INFO - Latest forecast date for org 6922ae4a3dae846e73b5a839: 2026-02-14 04:10:04.713000
2026-02-14 09:55:11 - database - INFO - Retrieved 56 forecast records for organisation 6922ae4a3dae846e73b5a839
2026-02-14 09:55:11 - api - INFO - Retrieved 56 forecast records
2026-02-14 09:55:11 - api - INFO - Grouped into 8 blood groups
2026-02-14 09:55:11 - database - INFO - MongoDB connection closed
2026-02-14 18:48:15 - database - INFO - MongoDB connection established successfully
2026-02-14 18:48:16 - database - INFO - MongoDB connection established successfully
2026-02-14 18:48:16 - database - INFO - Latest forecast date for org 6922ae4a3dae846e73b5a839: 2026-02-14 04:10:04.713000
2026-02-14 18:48:16 - database - INFO - Retrieved 56 forecast records for organisation 6922ae4a3dae846e73b5a839
2026-02-14 18:48:16 - api - INFO - Retrieved 56 forecast records
2026-02-14 18:48:16 - api - INFO - Grouped into 8 blood groups
2026-02-14 18:48:16 - database - INFO - MongoDB connection closed
2026-02-14 18:48:24 - database - INFO - MongoDB connection established successfully
2026-02-14 18:48:25 - database - INFO - MongoDB connection established successfully
2026-02-14 18:48:25 - database - INFO - Latest forecast date for org 6922ae4a3dae846e73b5a839: 2026-02-14 04:10:04.713000
2026-02-14 18:48:25 - database - INFO - Retrieved 56 forecast records for organisation 6922ae4a3dae846e73b5a839
2026-02-14 18:48:25 - api - INFO - Retrieved 56 forecast records
2026-02-14 18:48:25 - api - INFO - Grouped into 8 blood groups
2026-02-14 18:48:25 - database - INFO - MongoDB connection closed
2026-02-15 18:14:01 - database - INFO - MongoDB connection established successfully
2026-02-15 18:14:01 - forecast_engine - INFO - Starting DEMAND-BASED forecast pipeline for organisation 6922ae4a3dae846e73b5a839
2026-02-15 18:14:01 - forecast_engine - INFO - Step 1: Calculating demand ratios from inventory totalIn/totalOut...
2026-02-15 18:14:02 - database - INFO - MongoDB connection established successfully
2026-02-15 18:14:02 - database - INFO - Calculating blood demand ratios for organisation 6922ae4a3dae846e73b5a839
2026-02-15 18:14:02 - database - INFO - Demand ratios calculated: [{'blood_group': 'A-', 'total_in': 0, 'total_out': 35759, 'demand_ratio': 35759.0}, {'blood_group': 'AB-', 'total_in': 0, 'total_out': 28866, 'demand_ratio': 28866.0}, {'blood_group': 'B-', 'total_in': 0, 'total_out': 20643, 'demand_ratio': 20643.0}, {'blood_group': 'AB+', 'total_in': 20, 'total_out': 30598, 'demand_ratio': 1457.047619047619}, {'blood_group': 'O-', 'total_in': 40, 'total_out': 32352, 'demand_ratio': 789.0731707317074}, {'blood_group': 'B+', 'total_in': 40000, 'total_out': 39025, 'demand_ratio': 0.9756006099847504}, {'blood_group': 'A+', 'total_in': 39115, 'total_out': 35370, 'demand_ratio': 0.9042335617138767}, {'blood_group': 'O+', 'total_in': 40000, 'total_out': 31009, 'demand_ratio': 0.7752056198595035}]
2026-02-15 18:14:02 - forecast_engine - INFO - Demand ratios calculated for 8 blood groups
2026-02-15 18:14:02 - forecast_engine - INFO - Demand ranking: [{'blood_group': 'A-', 'total_out': 35759, 'total_in': 0, 'demand_ratio': 35759.0}, {'blood_group': 'AB-', 'total_out': 28866, 'total_in': 0, 'demand_ratio': 28866.0}, {'blood_group': 'B-', 'total_out': 20643, 'total_in': 0, 'demand_ratio': 20643.0}, {'blood_group': 'AB+', 'total_out': 30598, 'total_in': 20, 'demand_ratio': 1457.047619047619}, {'blood_group': 'O-', 'total_out': 32352, 'total_in': 40, 'demand_ratio': 789.0731707317074}, {'blood_group': 'B+', 'total_out': 39025, 'total_in': 40000, 'demand_ratio': 0.9756006099847504}, {'blood_group': 'A+', 'total_out': 35370, 'total_in': 39115, 'demand_ratio': 0.9042335617138767}, {'blood_group': 'O+', 'total_out': 31009, 'total_in': 40000, 'demand_ratio': 0.7752056198595035}]
2026-02-15 18:14:02 - forecast_engine - INFO - Step 2: Generating demand-based forecasts...
2026-02-15 18:14:02 - forecast_engine - INFO - A-: out=35759, in=0, ratio=35759.000, forecast=476 units/day
2026-02-15 18:14:02 - forecast_engine - INFO - AB-: out=28866, in=0, ratio=28866.000, forecast=384 units/day
2026-02-15 18:14:02 - forecast_engine - INFO - B-: out=20643, in=0, ratio=20643.000, forecast=275 units/day
2026-02-15 18:14:02 - forecast_engine - INFO - AB+: out=30598, in=20, ratio=1457.048, forecast=407 units/day
2026-02-15 18:14:02 - forecast_engine - INFO - O-: out=32352, in=40, ratio=789.073, forecast=431 units/day
2026-02-15 18:14:02 - forecast_engine - INFO - B+: out=39025, in=40000, ratio=0.976, forecast=520 units/day
2026-02-15 18:14:02 - forecast_engine - INFO - A+: out=35370, in=39115, ratio=0.904, forecast=471 units/day
2026-02-15 18:14:02 - forecast_engine - INFO - O+: out=31009, in=40000, ratio=0.775, forecast=413 units/day
2026-02-15 18:14:02 - database - INFO - Saving 56 forecast records for organisation 6922ae4a3dae846e73b5a839
2026-02-15 18:14:02 - database - INFO - Successfully saved 56 forecast records for organisation 6922ae4a3dae846e73b5a839
2026-02-15 18:14:02 - forecast_engine - INFO - Saved 56 forecast records to database
2026-02-15 18:14:02 - forecast_engine - INFO - Demand-based forecast completed: 56 records generated
2026-02-15 18:14:02 - database - INFO - MongoDB connection closed
2026-02-15 18:14:09 - database - INFO - MongoDB connection established successfully
2026-02-15 18:14:09 - database - INFO - MongoDB connection established successfully
2026-02-15 18:14:09 - database - INFO - Latest forecast date for org 6922ae4a3dae846e73b5a839: 2026-02-15 12:29:02.650000
2026-02-15 18:14:09 - database - INFO - Retrieved 56 forecast records for organisation 6922ae4a3dae846e73b5a839
2026-02-15 18:14:09 - api - INFO - Retrieved 56 forecast records
2026-02-15 18:14:09 - api - INFO - Grouped into 8 blood groups
2026-02-15 18:14:09 - database - INFO - MongoDB connection closed
2026-02-15 18:22:38 - database - INFO - MongoDB connection established successfully
2026-02-15 18:22:39 - database - INFO - MongoDB connection established successfully
2026-02-15 18:22:39 - database - INFO - Latest forecast date for org 6922ae4a3dae846e73b5a839: 2026-02-15 12:29:02.650000
2026-02-15 18:22:39 - database - INFO - Retrieved 56 forecast records for organisation 6922ae4a3dae846e73b5a839
2026-02-15 18:22:39 - api - INFO - Retrieved 56 forecast records
2026-02-15 18:22:39 - api - INFO - Grouped into 8 blood groups
2026-02-15 18:22:39 - database - INFO - MongoDB connection closed
2026-02-15 18:22:43 - database - INFO - MongoDB connection established successfully
2026-02-15 18:22:44 - database - INFO - MongoDB connection established successfully
2026-02-15 18:22:44 - database - INFO - Latest forecast date for org 6922ae4a3dae846e73b5a839: 2026-02-15 12:29:02.650000
2026-02-15 18:22:44 - database - INFO - Retrieved 56 forecast records for organisation 6922ae4a3dae846e73b5a839
2026-02-15 18:22:44 - api - INFO - Retrieved 56 forecast records
2026-02-15 18:22:44 - api - INFO - Grouped into 8 blood groups
2026-02-15 18:22:44 - database - INFO - MongoDB connection closed
2026-02-15 18:25:14 - database - INFO - MongoDB connection established successfully
2026-02-15 18:25:15 - database - INFO - MongoDB connection established successfully
2026-02-15 18:25:15 - database - INFO - Latest forecast date for org 6922ae4a3dae846e73b5a839: 2026-02-15 12:29:02.650000
2026-02-15 18:25:15 - database - INFO - Retrieved 56 forecast records for organisation 6922ae4a3dae846e73b5a839
2026-02-15 18:25:15 - api - INFO - Retrieved 56 forecast records
2026-02-15 18:25:15 - api - INFO - Grouped into 8 blood groups
2026-02-15 18:25:15 - database - INFO - MongoDB connection closed
2026-02-15 18:25:18 - database - INFO - MongoDB connection established successfully
2026-02-15 18:25:19 - database - INFO - MongoDB connection established successfully
2026-02-15 18:25:19 - database - INFO - Latest forecast date for org 6922ae4a3dae846e73b5a839: 2026-02-15 12:29:02.650000
2026-02-15 18:25:19 - database - INFO - Retrieved 56 forecast records for organisation 6922ae4a3dae846e73b5a839
2026-02-15 18:25:19 - api - INFO - Retrieved 56 forecast records
2026-02-15 18:25:19 - api - INFO - Grouped into 8 blood groups
2026-02-15 18:25:19 - database - INFO - MongoDB connection closed
2026-02-15 18:34:41 - database - INFO - MongoDB connection established successfully
2026-02-15 18:34:41 - database - INFO - MongoDB connection established successfully
2026-02-15 18:34:41 - database - INFO - Latest forecast date for org 6922ae4a3dae846e73b5a839: 2026-02-15 12:29:02.650000
2026-02-15 18:34:42 - database - INFO - Retrieved 56 forecast records for organisation 6922ae4a3dae846e73b5a839
2026-02-15 18:34:42 - api - INFO - Retrieved 56 forecast records
2026-02-15 18:34:42 - api - INFO - Grouped into 8 blood groups
2026-02-15 18:34:42 - database - INFO - MongoDB connection closed
2026-02-15 18:34:51 - database - INFO - MongoDB connection established successfully
2026-02-15 18:34:52 - database - INFO - MongoDB connection established successfully
2026-02-15 18:34:52 - database - INFO - Latest forecast date for org 6922ae4a3dae846e73b5a839: 2026-02-15 12:29:02.650000
2026-02-15 18:34:52 - database - INFO - Retrieved 56 forecast records for organisation 6922ae4a3dae846e73b5a839
2026-02-15 18:34:52 - api - INFO - Retrieved 56 forecast records
2026-02-15 18:34:52 - api - INFO - Grouped into 8 blood groups
2026-02-15 18:34:52 - database - INFO - MongoDB connection closed
2026-02-15 18:34:53 - database - INFO - MongoDB connection established successfully
2026-02-15 18:34:53 - forecast_engine - INFO - Starting DEMAND-BASED forecast pipeline for organisation 6922ae4a3dae846e73b5a839
2026-02-15 18:34:53 - forecast_engine - INFO - Step 1: Calculating demand ratios from inventory totalIn/totalOut...
2026-02-15 18:34:54 - database - INFO - MongoDB connection established successfully
2026-02-15 18:34:54 - database - INFO - Calculating blood demand ratios for organisation 6922ae4a3dae846e73b5a839
2026-02-15 18:34:54 - database - INFO - Demand ratios calculated: [{'blood_group': 'A-', 'total_in': 0, 'total_out': 35759, 'demand_ratio': 35759.0}, {'blood_group': 'AB-', 'total_in': 0, 'total_out': 28866, 'demand_ratio': 28866.0}, {'blood_group': 'B-', 'total_in': 0, 'total_out': 20643, 'demand_ratio': 20643.0}, {'blood_group': 'AB+', 'total_in': 20, 'total_out': 30598, 'demand_ratio': 1457.047619047619}, {'blood_group': 'O-', 'total_in': 40, 'total_out': 32352, 'demand_ratio': 789.0731707317074}, {'blood_group': 'B+', 'total_in': 40000, 'total_out': 39025, 'demand_ratio': 0.9756006099847504}, {'blood_group': 'A+', 'total_in': 39115, 'total_out': 35370, 'demand_ratio': 0.9042335617138767}, {'blood_group': 'O+', 'total_in': 40000, 'total_out': 31009, 'demand_ratio': 0.7752056198595035}]
2026-02-15 18:34:54 - forecast_engine - INFO - Demand ratios calculated for 8 blood groups
2026-02-15 18:34:54 - forecast_engine - INFO - Demand ranking: [{'blood_group': 'A-', 'total_out': 35759, 'total_in': 0, 'demand_ratio': 35759.0}, {'blood_group': 'AB-', 'total_out': 28866, 'total_in': 0, 'demand_ratio': 28866.0}, {'blood_group': 'B-', 'total_out': 20643, 'total_in': 0, 'demand_ratio': 20643.0}, {'blood_group': 'AB+', 'total_out': 30598, 'total_in': 20, 'demand_ratio': 1457.047619047619}, {'blood_group': 'O-', 'total_out': 32352, 'total_in': 40, 'demand_ratio': 789.0731707317074}, {'blood_group': 'B+', 'total_out': 39025, 'total_in': 40000, 'demand_ratio': 0.9756006099847504}, {'blood_group': 'A+', 'total_out': 35370, 'total_in': 39115, 'demand_ratio': 0.9042335617138767}, {'blood_group': 'O+', 'total_out': 31009, 'total_in': 40000, 'demand_ratio': 0.7752056198595035}]
2026-02-15 18:34:54 - forecast_engine - INFO - Step 2: Generating demand-based forecasts...
2026-02-15 18:34:54 - forecast_engine - INFO - A-: out=35759, in=0, ratio=35759.000, forecast=476 units/day
2026-02-15 18:34:54 - forecast_engine - INFO - AB-: out=28866, in=0, ratio=28866.000, forecast=384 units/day
2026-02-15 18:34:54 - forecast_engine - INFO - B-: out=20643, in=0, ratio=20643.000, forecast=275 units/day
2026-02-15 18:34:54 - forecast_engine - INFO - AB+: out=30598, in=20, ratio=1457.048, forecast=407 units/day
2026-02-15 18:34:54 - forecast_engine - INFO - O-: out=32352, in=40, ratio=789.073, forecast=431 units/day
2026-02-15 18:34:54 - forecast_engine - INFO - B+: out=39025, in=40000, ratio=0.976, forecast=520 units/day
2026-02-15 18:34:54 - forecast_engine - INFO - A+: out=35370, in=39115, ratio=0.904, forecast=471 units/day
2026-02-15 18:34:54 - forecast_engine - INFO - O+: out=31009, in=40000, ratio=0.775, forecast=413 units/day
2026-02-15 18:34:54 - database - INFO - Saving 56 forecast records for organisation 6922ae4a3dae846e73b5a839
2026-02-15 18:34:54 - database - INFO - Successfully saved 56 forecast records for organisation 6922ae4a3dae846e73b5a839
2026-02-15 18:34:54 - forecast_engine - INFO - Saved 56 forecast records to database
2026-02-15 18:34:54 - forecast_engine - INFO - Demand-based forecast completed: 56 records generated
2026-02-15 18:34:54 - database - INFO - MongoDB connection closed
2026-02-15 18:35:03 - database - INFO - MongoDB connection established successfully
2026-02-15 18:35:04 - database - INFO - MongoDB connection established successfully
2026-02-15 18:35:04 - database - INFO - Latest forecast date for org 6922ae4a3dae846e73b5a839: 2026-02-15 12:49:54.221000
2026-02-15 18:35:04 - database - INFO - Retrieved 56 forecast records for organisation 6922ae4a3dae846e73b5a839
2026-02-15 18:35:04 - api - INFO - Retrieved 56 forecast records
2026-02-15 18:35:04 - api - INFO - Grouped into 8 blood groups
2026-02-15 18:35:04 - database - INFO - MongoDB connection closed
2026-02-15 18:59:52 - database - INFO - MongoDB connection established successfully
2026-02-15 18:59:53 - database - INFO - MongoDB connection established successfully
2026-02-15 18:59:53 - database - INFO - Latest forecast date for org 6922ae4a3dae846e73b5a839: 2026-02-15 12:49:54.221000
2026-02-15 18:59:53 - database - INFO - Retrieved 56 forecast records for organisation 6922ae4a3dae846e73b5a839
2026-02-15 18:59:53 - api - INFO - Retrieved 56 forecast records
2026-02-15 18:59:53 - api - INFO - Grouped into 8 blood groups
2026-02-15 18:59:53 - database - INFO - MongoDB connection closed
2026-02-15 19:00:02 - database - INFO - MongoDB connection established successfully
2026-02-15 19:00:03 - database - INFO - MongoDB connection established successfully
2026-02-15 19:00:03 - database - INFO - Latest forecast date for org 6922ae4a3dae846e73b5a839: 2026-02-15 12:49:54.221000
2026-02-15 19:00:03 - database - INFO - Retrieved 56 forecast records for organisation 6922ae4a3dae846e73b5a839
2026-02-15 19:00:03 - api - INFO - Retrieved 56 forecast records
2026-02-15 19:00:03 - api - INFO - Grouped into 8 blood groups
2026-02-15 19:00:03 - database - INFO - MongoDB connection closed
2026-02-15 19:03:41 - database - INFO - MongoDB connection established successfully
2026-02-15 19:03:41 - database - INFO - MongoDB connection established successfully
2026-02-15 19:03:41 - database - INFO - Latest forecast date for org 6922ae4a3dae846e73b5a839: 2026-02-15 12:49:54.221000
2026-02-15 19:03:41 - database - INFO - Retrieved 56 forecast records for organisation 6922ae4a3dae846e73b5a839
2026-02-15 19:03:41 - api - INFO - Retrieved 56 forecast records
2026-02-15 19:03:41 - api - INFO - Grouped into 8 blood groups
2026-02-15 19:03:41 - database - INFO - MongoDB connection closed
2026-02-15 19:03:49 - database - INFO - MongoDB connection established successfully
2026-02-15 19:03:50 - database - INFO - MongoDB connection established successfully
2026-02-15 19:03:50 - database - INFO - Latest forecast date for org 6922ae4a3dae846e73b5a839: 2026-02-15 12:49:54.221000
2026-02-15 19:03:50 - database - INFO - Retrieved 56 forecast records for organisation 6922ae4a3dae846e73b5a839
2026-02-15 19:03:50 - api - INFO - Retrieved 56 forecast records
2026-02-15 19:03:50 - api - INFO - Grouped into 8 blood groups
2026-02-15 19:03:50 - database - INFO - MongoDB connection closed
2026-02-15 19:14:41 - database - INFO - MongoDB connection established successfully
2026-02-15 19:14:41 - database - INFO - MongoDB connection established successfully
2026-02-15 19:14:41 - database - INFO - Latest forecast date for org 6922ae4a3dae846e73b5a839: 2026-02-15 12:49:54.221000
2026-02-15 19:14:42 - database - INFO - Retrieved 56 forecast records for organisation 6922ae4a3dae846e73b5a839
2026-02-15 19:14:42 - api - INFO - Retrieved 56 forecast records
2026-02-15 19:14:42 - api - INFO - Grouped into 8 blood groups
2026-02-15 19:14:42 - database - INFO - MongoDB connection closed
2026-02-15 19:14:50 - database - INFO - MongoDB connection established successfully
2026-02-15 19:14:51 - database - INFO - MongoDB connection established successfully
2026-02-15 19:14:51 - database - INFO - Latest forecast date for org 6922ae4a3dae846e73b5a839: 2026-02-15 12:49:54.221000
2026-02-15 19:14:51 - database - INFO - Retrieved 56 forecast records for organisation 6922ae4a3dae846e73b5a839
2026-02-15 19:14:51 - api - INFO - Retrieved 56 forecast records
2026-02-15 19:14:51 - api - INFO - Grouped into 8 blood groups
2026-02-15 19:14:51 - database - INFO - MongoDB connection closed
2026-02-15 19:36:33 - database - INFO - MongoDB connection established successfully
2026-02-15 19:36:34 - database - INFO - MongoDB connection established successfully
2026-02-15 19:36:34 - database - INFO - Latest forecast date for org 6922ae4a3dae846e73b5a839: 2026-02-15 12:49:54.221000
2026-02-15 19:36:34 - database - INFO - Retrieved 56 forecast records for organisation 6922ae4a3dae846e73b5a839
2026-02-15 19:36:34 - api - INFO - Retrieved 56 forecast records
2026-02-15 19:36:34 - api - INFO - Grouped into 8 blood groups
2026-02-15 19:36:34 - database - INFO - MongoDB connection closed
2026-02-15 19:36:40 - database - INFO - MongoDB connection established successfully
2026-02-15 19:36:41 - database - INFO - MongoDB connection established successfully
2026-02-15 19:36:41 - database - INFO - Latest forecast date for org 6922ae4a3dae846e73b5a839: 2026-02-15 12:49:54.221000
2026-02-15 19:36:41 - database - INFO - Retrieved 56 forecast records for organisation 6922ae4a3dae846e73b5a839
2026-02-15 19:36:41 - api - INFO - Retrieved 56 forecast records
2026-02-15 19:36:41 - api - INFO - Grouped into 8 blood groups
2026-02-15 19:36:41 - database - INFO - MongoDB connection closed
2026-02-15 19:37:14 - database - INFO - MongoDB connection established successfully
2026-02-15 19:37:14 - database - INFO - MongoDB connection established successfully
2026-02-15 19:37:14 - database - INFO - Latest forecast date for org 6922ae4a3dae846e73b5a839: 2026-02-15 12:49:54.221000
2026-02-15 19:37:15 - database - INFO - Retrieved 56 forecast records for organisation 6922ae4a3dae846e73b5a839
2026-02-15 19:37:15 - api - INFO - Retrieved 56 forecast records
2026-02-15 19:37:15 - api - INFO - Grouped into 8 blood groups
2026-02-15 19:37:15 - database - INFO - MongoDB connection closed
2026-02-15 19:37:19 - database - INFO - MongoDB connection established successfully
2026-02-15 19:37:20 - database - INFO - MongoDB connection established successfully
2026-02-15 19:37:20 - database - INFO - Latest forecast date for org 6922ae4a3dae846e73b5a839: 2026-02-15 12:49:54.221000
2026-02-15 19:37:20 - database - INFO - Retrieved 56 forecast records for organisation 6922ae4a3dae846e73b5a839
2026-02-15 19:37:20 - api - INFO - Retrieved 56 forecast records
2026-02-15 19:37:20 - api - INFO - Grouped into 8 blood groups
2026-02-15 19:37:20 - database - INFO - MongoDB connection closed
2026-02-15 19:37:21 - database - INFO - MongoDB connection established successfully
2026-02-15 19:37:21 - forecast_engine - INFO - Starting DEMAND-BASED forecast pipeline for organisation 6922ae4a3dae846e73b5a839
2026-02-15 19:37:21 - forecast_engine - INFO - Step 1: Calculating demand ratios from inventory totalIn/totalOut...
2026-02-15 19:37:22 - database - INFO - MongoDB connection established successfully
2026-02-15 19:37:22 - database - INFO - Calculating blood demand ratios for organisation 6922ae4a3dae846e73b5a839
2026-02-15 19:37:22 - database - INFO - Demand ratios calculated: [{'blood_group': 'A-', 'total_in': 0, 'total_out': 35759, 'demand_ratio': 35759.0}, {'blood_group': 'AB-', 'total_in': 0, 'total_out': 28866, 'demand_ratio': 28866.0}, {'blood_group': 'B-', 'total_in': 0, 'total_out': 20643, 'demand_ratio': 20643.0}, {'blood_group': 'AB+', 'total_in': 20, 'total_out': 30598, 'demand_ratio': 1457.047619047619}, {'blood_group': 'O-', 'total_in': 40, 'total_out': 32352, 'demand_ratio': 789.0731707317074}, {'blood_group': 'B+', 'total_in': 40000, 'total_out': 39025, 'demand_ratio': 0.9756006099847504}, {'blood_group': 'A+', 'total_in': 39115, 'total_out': 35370, 'demand_ratio': 0.9042335617138767}, {'blood_group': 'O+', 'total_in': 40000, 'total_out': 31009, 'demand_ratio': 0.7752056198595035}]
2026-02-15 19:37:22 - forecast_engine - INFO - Demand ratios calculated for 8 blood groups
2026-02-15 19:37:22 - forecast_engine - INFO - Demand ranking: [{'blood_group': 'A-', 'total_out': 35759, 'total_in': 0, 'demand_ratio': 35759.0}, {'blood_group': 'AB-', 'total_out': 28866, 'total_in': 0, 'demand_ratio': 28866.0}, {'blood_group': 'B-', 'total_out': 20643, 'total_in': 0, 'demand_ratio': 20643.0}, {'blood_group': 'AB+', 'total_out': 30598, 'total_in': 20, 'demand_ratio': 1457.047619047619}, {'blood_group': 'O-', 'total_out': 32352, 'total_in': 40, 'demand_ratio': 789.0731707317074}, {'blood_group': 'B+', 'total_out': 39025, 'total_in': 40000, 'demand_ratio': 0.9756006099847504}, {'blood_group': 'A+', 'total_out': 35370, 'total_in': 39115, 'demand_ratio': 0.9042335617138767}, {'blood_group': 'O+', 'total_out': 31009, 'total_in': 40000, 'demand_ratio': 0.7752056198595035}]
2026-02-15 19:37:22 - forecast_engine - INFO - Step 2: Generating demand-based forecasts...
2026-02-15 19:37:22 - forecast_engine - INFO - A-: out=35759, in=0, ratio=35759.000, forecast=476 units/day
2026-02-15 19:37:22 - forecast_engine - INFO - AB-: out=28866, in=0, ratio=28866.000, forecast=384 units/day
2026-02-15 19:37:22 - forecast_engine - INFO - B-: out=20643, in=0, ratio=20643.000, forecast=275 units/day
2026-02-15 19:37:22 - forecast_engine - INFO - AB+: out=30598, in=20, ratio=1457.048, forecast=407 units/day
2026-02-15 19:37:22 - forecast_engine - INFO - O-: out=32352, in=40, ratio=789.073, forecast=431 units/day
2026-02-15 19:37:22 - forecast_engine - INFO - B+: out=39025, in=40000, ratio=0.976, forecast=520 units/day
2026-02-15 19:37:22 - forecast_engine - INFO - A+: out=35370, in=39115, ratio=0.904, forecast=471 units/day
2026-02-15 19:37:22 - forecast_engine - INFO - O+: out=31009, in=40000, ratio=0.775, forecast=413 units/day
2026-02-15 19:37:22 - database - INFO - Saving 56 forecast records for organisation 6922ae4a3dae846e73b5a839
2026-02-15 19:37:22 - database - INFO - Successfully saved 56 forecast records for organisation 6922ae4a3dae846e73b5a839
2026-02-15 19:37:22 - forecast_engine - INFO - Saved 56 forecast records to database
2026-02-15 19:37:22 - forecast_engine - INFO - Demand-based forecast completed: 56 records generated
2026-02-15 19:37:22 - database - INFO - MongoDB connection closed
2026-02-15 19:37:28 - database - INFO - MongoDB connection established successfully
2026-02-15 19:37:29 - database - INFO - MongoDB connection established successfully
2026-02-15 19:37:29 - database - INFO - Latest forecast date for org 6922ae4a3dae846e73b5a839: 2026-02-15 13:52:22.150000
2026-02-15 19:37:29 - database - INFO - Retrieved 56 forecast records for organisation 6922ae4a3dae846e73b5a839
2026-02-15 19:37:29 - api - INFO - Retrieved 56 forecast records
2026-02-15 19:37:29 - api - INFO - Grouped into 8 blood groups
2026-02-15 19:37:29 - database - INFO - MongoDB connection closed
2026-02-15 21:20:31 - database - INFO - MongoDB connection established successfully
2026-02-15 21:20:31 - database - INFO - MongoDB connection established successfully
2026-02-15 21:20:31 - database - INFO - Latest forecast date for org 6922ae4a3dae846e73b5a839: 2026-02-15 13:52:22.150000
2026-02-15 21:20:31 - database - INFO - Retrieved 56 forecast records for organisation 6922ae4a3dae846e73b5a839
2026-02-15 21:20:31 - api - INFO - Retrieved 56 forecast records
2026-02-15 21:20:31 - api - INFO - Grouped into 8 blood groups
2026-02-15 21:20:31 - database - INFO - MongoDB connection closed
2026-02-15 21:20:37 - database - INFO - MongoDB connection established successfully
2026-02-15 21:20:38 - database - INFO - MongoDB connection established successfully
2026-02-15 21:20:38 - database - INFO - Latest forecast date for org 6922ae4a3dae846e73b5a839: 2026-02-15 13:52:22.150000
2026-02-15 21:20:38 - database - INFO - Retrieved 56 forecast records for organisation 6922ae4a3dae846e73b5a839
2026-02-15 21:20:38 - api - INFO - Retrieved 56 forecast records
2026-02-15 21:20:38 - api - INFO - Grouped into 8 blood groups
2026-02-15 21:20:38 - database - INFO - MongoDB connection closed
2026-02-16 19:41:47 - database - INFO - MongoDB connection established successfully
2026-02-16 19:41:47 - database - INFO - MongoDB connection established successfully
2026-02-16 19:41:48 - database - INFO - MongoDB connection established successfully
2026-02-16 19:41:48 - database - INFO - MongoDB connection established successfully
2026-02-16 19:41:48 - database - INFO - Latest forecast date for org 6922ae4a3dae846e73b5a839: 2026-02-15 13:52:22.150000
2026-02-16 19:41:48 - database - INFO - Latest forecast date for org 6922ae4a3dae846e73b5a839: 2026-02-15 13:52:22.150000
2026-02-16 19:41:48 - database - INFO - Retrieved 56 forecast records for organisation 6922ae4a3dae846e73b5a839
2026-02-16 19:41:48 - api - INFO - Retrieved 56 forecast records
2026-02-16 19:41:48 - api - INFO - Grouped into 8 blood groups
2026-02-16 19:41:48 - database - INFO - Retrieved 56 forecast records for organisation 6922ae4a3dae846e73b5a839
2026-02-16 19:41:48 - api - INFO - Retrieved 56 forecast records
2026-02-16 19:41:48 - api - INFO - Grouped into 8 blood groups
2026-02-16 19:41:48 - database - INFO - MongoDB connection closed
2026-02-16 19:41:48 - database - INFO - MongoDB connection closed
2026-02-16 19:42:12 - database - INFO - MongoDB connection established successfully
2026-02-16 19:42:12 - forecast_engine - INFO - Starting DEMAND-BASED forecast pipeline for organisation 6922ae4a3dae846e73b5a839
2026-02-16 19:42:12 - forecast_engine - INFO - Step 1: Calculating demand ratios from inventory totalIn/totalOut...
2026-02-16 19:42:13 - database - INFO - MongoDB connection established successfully
2026-02-16 19:42:13 - database - INFO - Calculating blood demand ratios for organisation 6922ae4a3dae846e73b5a839
2026-02-16 19:42:13 - database - INFO - Demand ratios calculated: [{'blood_group': 'A-', 'total_in': 0, 'total_out': 35759, 'demand_ratio': 35759.0}, {'blood_group': 'AB-', 'total_in': 0, 'total_out': 28866, 'demand_ratio': 28866.0}, {'blood_group': 'B-', 'total_in': 0, 'total_out': 20643, 'demand_ratio': 20643.0}, {'blood_group': 'AB+', 'total_in': 20, 'total_out': 30598, 'demand_ratio': 1457.047619047619}, {'blood_group': 'O-', 'total_in': 40, 'total_out': 32352, 'demand_ratio': 789.0731707317074}, {'blood_group': 'B+', 'total_in': 40000, 'total_out': 39025, 'demand_ratio': 0.9756006099847504}, {'blood_group': 'A+', 'total_in': 39115, 'total_out': 35370, 'demand_ratio': 0.9042335617138767}, {'blood_group': 'O+', 'total_in': 40000, 'total_out': 31009, 'demand_ratio': 0.7752056198595035}]
2026-02-16 19:42:13 - forecast_engine - INFO - Demand ratios calculated for 8 blood groups
2026-02-16 19:42:13 - forecast_engine - INFO - Demand ranking: [{'blood_group': 'A-', 'total_out': 35759, 'total_in': 0, 'demand_ratio': 35759.0}, {'blood_group': 'AB-', 'total_out': 28866, 'total_in': 0, 'demand_ratio': 28866.0}, {'blood_group': 'B-', 'total_out': 20643, 'total_in': 0, 'demand_ratio': 20643.0}, {'blood_group': 'AB+', 'total_out': 30598, 'total_in': 20, 'demand_ratio': 1457.047619047619}, {'blood_group': 'O-', 'total_out': 32352, 'total_in': 40, 'demand_ratio': 789.0731707317074}, {'blood_group': 'B+', 'total_out': 39025, 'total_in': 40000, 'demand_ratio': 0.9756006099847504}, {'blood_group': 'A+', 'total_out': 35370, 'total_in': 39115, 'demand_ratio': 0.9042335617138767}, {'blood_group': 'O+', 'total_out': 31009, 'total_in': 40000, 'demand_ratio': 0.7752056198595035}]
2026-02-16 19:42:13 - forecast_engine - INFO - Step 2: Generating demand-based forecasts...
2026-02-16 19:42:13 - forecast_engine - INFO - A-: out=35759, in=0, ratio=35759.000, forecast=476 units/day
2026-02-16 19:42:13 - forecast_engine - INFO - AB-: out=28866, in=0, ratio=28866.000, forecast=384 units/day
2026-02-16 19:42:13 - forecast_engine - INFO - B-: out=20643, in=0, ratio=20643.000, forecast=275 units/day
2026-02-16 19:42:13 - forecast_engine - INFO - AB+: out=30598, in=20, ratio=1457.048, forecast=407 units/day
2026-02-16 19:42:13 - forecast_engine - INFO - O-: out=32352, in=40, ratio=789.073, forecast=431 units/day
2026-02-16 19:42:13 - forecast_engine - INFO - B+: out=39025, in=40000, ratio=0.976, forecast=520 units/day
2026-02-16 19:42:13 - forecast_engine - INFO - A+: out=35370, in=39115, ratio=0.904, forecast=471 units/day
2026-02-16 19:42:13 - forecast_engine - INFO - O+: out=31009, in=40000, ratio=0.775, forecast=413 units/day
2026-02-16 19:42:13 - database - INFO - Saving 56 forecast records for organisation 6922ae4a3dae846e73b5a839
2026-02-16 19:42:14 - database - INFO - Successfully saved 56 forecast records for organisation 6922ae4a3dae846e73b5a839
2026-02-16 19:42:14 - forecast_engine - INFO - Saved 56 forecast records to database
2026-02-16 19:42:14 - forecast_engine - INFO - Demand-based forecast completed: 56 records generated
2026-02-16 19:42:14 - database - INFO - MongoDB connection closed
2026-02-16 19:42:27 - database - INFO - MongoDB connection established successfully
2026-02-16 19:42:28 - database - INFO - MongoDB connection established successfully
2026-02-16 19:42:28 - database - INFO - Latest forecast date for org 6922ae4a3dae846e73b5a839: 2026-02-16 13:57:13.940000
2026-02-16 19:42:28 - database - INFO - Retrieved 56 forecast records for organisation 6922ae4a3dae846e73b5a839
2026-02-16 19:42:28 - api - INFO - Retrieved 56 forecast records
2026-02-16 19:42:28 - api - INFO - Grouped into 8 blood groups
2026-02-16 19:42:28 - database - INFO - MongoDB connection closed
2026-02-16 19:43:08 - database - INFO - MongoDB connection established successfully
2026-02-16 19:43:09 - database - INFO - MongoDB connection established successfully
2026-02-16 19:43:09 - database - INFO - Latest forecast date for org 6922ae4a3dae846e73b5a839: 2026-02-16 13:57:13.940000
2026-02-16 19:43:09 - database - INFO - Retrieved 56 forecast records for organisation 6922ae4a3dae846e73b5a839
2026-02-16 19:43:09 - api - INFO - Retrieved 56 forecast records
2026-02-16 19:43:09 - api - INFO - Grouped into 8 blood groups
2026-02-16 19:43:09 - database - INFO - MongoDB connection closed
2026-02-16 19:43:14 - database - INFO - MongoDB connection established successfully
2026-02-16 19:43:14 - database - INFO - MongoDB connection established successfully
2026-02-16 19:43:14 - database - INFO - Latest forecast date for org 6922ae4a3dae846e73b5a839: 2026-02-16 13:57:13.940000
2026-02-16 19:43:14 - database - INFO - Retrieved 56 forecast records for organisation 6922ae4a3dae846e73b5a839
2026-02-16 19:43:14 - api - INFO - Retrieved 56 forecast records
2026-02-16 19:43:14 - api - INFO - Grouped into 8 blood groups
2026-02-16 19:43:14 - database - INFO - MongoDB connection closed
2026-02-16 19:45:26 - database - INFO - MongoDB connection established successfully
2026-02-16 19:45:26 - database - INFO - MongoDB connection established successfully
2026-02-16 19:45:26 - database - INFO - Latest forecast date for org 6922ae4a3dae846e73b5a839: 2026-02-16 13:57:13.940000
2026-02-16 19:45:26 - database - INFO - Retrieved 56 forecast records for organisation 6922ae4a3dae846e73b5a839
2026-02-16 19:45:26 - api - INFO - Retrieved 56 forecast records
2026-02-16 19:45:26 - api - INFO - Grouped into 8 blood groups
2026-02-16 19:45:26 - database - INFO - MongoDB connection closed
2026-02-16 19:45:33 - database - INFO - MongoDB connection established successfully
2026-02-16 19:45:34 - database - INFO - MongoDB connection established successfully
2026-02-16 19:45:34 - database - INFO - Latest forecast date for org 6922ae4a3dae846e73b5a839: 2026-02-16 13:57:13.940000
2026-02-16 19:45:34 - database - INFO - Retrieved 56 forecast records for organisation 6922ae4a3dae846e73b5a839
2026-02-16 19:45:34 - api - INFO - Retrieved 56 forecast records
2026-02-16 19:45:34 - api - INFO - Grouped into 8 blood groups
2026-02-16 19:45:34 - database - INFO - MongoDB connection closed
2026-02-17 11:26:50 - database - INFO - MongoDB connection established successfully
2026-02-17 11:26:50 - database - INFO - MongoDB connection established successfully
2026-02-17 11:26:51 - database - INFO - MongoDB connection established successfully
2026-02-17 11:26:51 - database - INFO - Latest forecast date for org 6922ae4a3dae846e73b5a839: 2026-02-16 13:57:13.940000
2026-02-17 11:26:51 - database - INFO - MongoDB connection established successfully
2026-02-17 11:26:51 - database - INFO - Retrieved 56 forecast records for organisation 6922ae4a3dae846e73b5a839
2026-02-17 11:26:51 - api - INFO - Retrieved 56 forecast records
2026-02-17 11:26:51 - api - INFO - Grouped into 8 blood groups
2026-02-17 11:26:51 - database - INFO - Latest forecast date for org 6922ae4a3dae846e73b5a839: 2026-02-16 13:57:13.940000
2026-02-17 11:26:51 - database - INFO - MongoDB connection closed
2026-02-17 11:26:52 - database - INFO - Retrieved 56 forecast records for organisation 6922ae4a3dae846e73b5a839
2026-02-17 11:26:52 - api - INFO - Retrieved 56 forecast records
2026-02-17 11:26:52 - api - INFO - Grouped into 8 blood groups
2026-02-17 11:26:52 - database - INFO - MongoDB connection closed
2026-02-17 11:26:56 - database - INFO - MongoDB connection established successfully
2026-02-17 11:26:56 - forecast_engine - INFO - Starting DEMAND-BASED forecast pipeline for organisation 6922ae4a3dae846e73b5a839
2026-02-17 11:26:56 - forecast_engine - INFO - Step 1: Calculating demand ratios from inventory totalIn/totalOut...
2026-02-17 11:26:57 - database - INFO - MongoDB connection established successfully
2026-02-17 11:26:57 - database - INFO - Calculating blood demand ratios for organisation 6922ae4a3dae846e73b5a839
2026-02-17 11:26:57 - database - INFO - Demand ratios calculated: [{'blood_group': 'A-', 'total_in': 0, 'total_out': 35759, 'demand_ratio': 35759.0}, {'blood_group': 'AB-', 'total_in': 0, 'total_out': 28866, 'demand_ratio': 28866.0}, {'blood_group': 'B-', 'total_in': 0, 'total_out': 20643, 'demand_ratio': 20643.0}, {'blood_group': 'AB+', 'total_in': 20, 'total_out': 30598, 'demand_ratio': 1457.047619047619}, {'blood_group': 'O-', 'total_in': 40, 'total_out': 32352, 'demand_ratio': 789.0731707317074}, {'blood_group': 'B+', 'total_in': 40000, 'total_out': 39025, 'demand_ratio': 0.9756006099847504}, {'blood_group': 'A+', 'total_in': 39115, 'total_out': 35372, 'demand_ratio': 0.9042846916862665}, {'blood_group': 'O+', 'total_in': 40000, 'total_out': 31009, 'demand_ratio': 0.7752056198595035}]
2026-02-17 11:26:57 - forecast_engine - INFO - Demand ratios calculated for 8 blood groups
2026-02-17 11:26:57 - forecast_engine - INFO - Demand ranking: [{'blood_group': 'A-', 'total_out': 35759, 'total_in': 0, 'demand_ratio': 35759.0}, {'blood_group': 'AB-', 'total_out': 28866, 'total_in': 0, 'demand_ratio': 28866.0}, {'blood_group': 'B-', 'total_out': 20643, 'total_in': 0, 'demand_ratio': 20643.0}, {'blood_group': 'AB+', 'total_out': 30598, 'total_in': 20, 'demand_ratio': 1457.047619047619}, {'blood_group': 'O-', 'total_out': 32352, 'total_in': 40, 'demand_ratio': 789.0731707317074}, {'blood_group': 'B+', 'total_out': 39025, 'total_in': 40000, 'demand_ratio': 0.9756006099847504}, {'blood_group': 'A+', 'total_out': 35372, 'total_in': 39115, 'demand_ratio': 0.9042846916862665}, {'blood_group': 'O+', 'total_out': 31009, 'total_in': 40000, 'demand_ratio': 0.7752056198595035}]
2026-02-17 11:26:57 - forecast_engine - INFO - Step 2: Generating demand-based forecasts...
2026-02-17 11:26:57 - forecast_engine - INFO - A-: out=35759, in=0, ratio=35759.000, forecast=476 units/day
2026-02-17 11:26:57 - forecast_engine - INFO - AB-: out=28866, in=0, ratio=28866.000, forecast=384 units/day
2026-02-17 11:26:57 - forecast_engine - INFO - B-: out=20643, in=0, ratio=20643.000, forecast=275 units/day
2026-02-17 11:26:57 - forecast_engine - INFO - AB+: out=30598, in=20, ratio=1457.048, forecast=407 units/day
2026-02-17 11:26:57 - forecast_engine - INFO - O-: out=32352, in=40, ratio=789.073, forecast=431 units/day
2026-02-17 11:26:57 - forecast_engine - INFO - B+: out=39025, in=40000, ratio=0.976, forecast=520 units/day
2026-02-17 11:26:57 - forecast_engine - INFO - A+: out=35372, in=39115, ratio=0.904, forecast=471 units/day
2026-02-17 11:26:57 - forecast_engine - INFO - O+: out=31009, in=40000, ratio=0.775, forecast=413 units/day
2026-02-17 11:26:57 - database - INFO - Saving 56 forecast records for organisation 6922ae4a3dae846e73b5a839
2026-02-17 11:26:57 - database - INFO - Successfully saved 56 forecast records for organisation 6922ae4a3dae846e73b5a839
2026-02-17 11:26:57 - forecast_engine - INFO - Saved 56 forecast records to database
2026-02-17 11:26:57 - forecast_engine - INFO - Demand-based forecast completed: 56 records generated
2026-02-17 11:26:57 - database - INFO - MongoDB connection closed
2026-02-17 11:27:06 - database - INFO - MongoDB connection established successfully
2026-02-17 11:27:07 - database - INFO - MongoDB connection established successfully
2026-02-17 11:27:07 - database - INFO - Latest forecast date for org 6922ae4a3dae846e73b5a839: 2026-02-17 05:41:57.341000
2026-02-17 11:27:07 - database - INFO - Retrieved 56 forecast records for organisation 6922ae4a3dae846e73b5a839
2026-02-17 11:27:07 - api - INFO - Retrieved 56 forecast records
2026-02-17 11:27:07 - api - INFO - Grouped into 8 blood groups
2026-02-17 11:27:07 - database - INFO - MongoDB connection closed
2026-02-17 11:27:51 - database - INFO - MongoDB connection established successfully
2026-02-17 11:27:52 - database - INFO - MongoDB connection established successfully
2026-02-17 11:27:52 - database - INFO - Latest forecast date for org 6922ae4a3dae846e73b5a839: 2026-02-17 05:41:57.341000
2026-02-17 11:27:52 - database - INFO - Retrieved 56 forecast records for organisation 6922ae4a3dae846e73b5a839
2026-02-17 11:27:52 - api - INFO - Retrieved 56 forecast records
2026-02-17 11:27:52 - api - INFO - Grouped into 8 blood groups
2026-02-17 11:27:52 - database - INFO - MongoDB connection closed
2026-02-17 11:28:01 - database - INFO - MongoDB connection established successfully
2026-02-17 11:28:02 - database - INFO - MongoDB connection established successfully
2026-02-17 11:28:02 - database - INFO - Latest forecast date for org 6922ae4a3dae846e73b5a839: 2026-02-17 05:41:57.341000
2026-02-17 11:28:02 - database - INFO - Retrieved 56 forecast records for organisation 6922ae4a3dae846e73b5a839
2026-02-17 11:28:02 - api - INFO - Retrieved 56 forecast records
2026-02-17 11:28:02 - api - INFO - Grouped into 8 blood groups
2026-02-17 11:28:02 - database - INFO - MongoDB connection closed
2026-02-17 12:52:37 - database - INFO - MongoDB connection established successfully
2026-02-17 12:52:38 - database - INFO - MongoDB connection established successfully
2026-02-17 12:52:38 - database - INFO - Latest forecast date for org 6922ae4a3dae846e73b5a839: 2026-02-17 05:41:57.341000
2026-02-17 12:52:38 - database - INFO - Retrieved 56 forecast records for organisation 6922ae4a3dae846e73b5a839
2026-02-17 12:52:38 - api - INFO - Retrieved 56 forecast records
2026-02-17 12:52:38 - api - INFO - Grouped into 8 blood groups
2026-02-17 12:52:38 - database - INFO - MongoDB connection closed
2026-02-17 12:52:48 - database - INFO - MongoDB connection established successfully
2026-02-17 12:52:49 - database - INFO - MongoDB connection established successfully
2026-02-17 12:52:49 - database - INFO - Latest forecast date for org 6922ae4a3dae846e73b5a839: 2026-02-17 05:41:57.341000
2026-02-17 12:52:49 - database - INFO - Retrieved 56 forecast records for organisation 6922ae4a3dae846e73b5a839
2026-02-17 12:52:49 - api - INFO - Retrieved 56 forecast records
2026-02-17 12:52:49 - api - INFO - Grouped into 8 blood groups
2026-02-17 12:52:49 - database - INFO - MongoDB connection closed
2026-02-21 19:22:00 - database - INFO - MongoDB connection established successfully
2026-02-21 19:22:01 - database - INFO - MongoDB connection established successfully
2026-02-21 19:22:01 - database - INFO - Latest forecast date for org 6922ae4a3dae846e73b5a839: 2026-02-17 05:41:57.341000
2026-02-21 19:22:01 - database - INFO - Retrieved 56 forecast records for organisation 6922ae4a3dae846e73b5a839
2026-02-21 19:22:01 - api - INFO - Retrieved 56 forecast records
2026-02-21 19:22:01 - api - INFO - Grouped into 8 blood groups
2026-02-21 19:22:01 - database - INFO - MongoDB connection closed
